-- Inserções para car_cargos
Insert into ADMIN.CAR_CARGO (CAR_ID,CAR_CARGONOME) values (1,'Dono');
Insert into ADMIN.CAR_CARGO (CAR_ID,CAR_CARGONOME) values (2,'Diretor');
Insert into ADMIN.CAR_CARGO (CAR_ID,CAR_CARGONOME) values (3,'Gerente');
Insert into ADMIN.CAR_CARGO (CAR_ID,CAR_CARGONOME) values (4,'Supervisor');
Insert into ADMIN.CAR_CARGO (CAR_ID,CAR_CARGONOME) values (5,'Coordenador');
Insert into ADMIN.CAR_CARGO (CAR_ID,CAR_CARGONOME) values (6,'Atendente');
Insert into ADMIN.CAR_CARGO (CAR_ID,CAR_CARGONOME) values (7,'Cozinheiro');
Insert into ADMIN.CAR_CARGO (CAR_ID,CAR_CARGONOME) values (8,'Ajudante Cozinha');
Insert into ADMIN.CAR_CARGO (CAR_ID,CAR_CARGONOME) values (9,'Recepcionista');


-- Inserções para cat_categoria
Insert into ADMIN.CAT_CATEGORIA (CAT_ID,CAT_NOME) values (1,'Frios');
Insert into ADMIN.CAT_CATEGORIA (CAT_ID,CAT_NOME) values (2,'Bebida');
Insert into ADMIN.CAT_CATEGORIA (CAT_ID,CAT_NOME) values (3,'Carnes');
Insert into ADMIN.CAT_CATEGORIA (CAT_ID,CAT_NOME) values (4,'Vegetal');
Insert into ADMIN.CAT_CATEGORIA (CAT_ID,CAT_NOME) values (5,'Fruta');
Insert into ADMIN.CAT_CATEGORIA (CAT_ID,CAT_NOME) values (6,'Doce');
Insert into ADMIN.CAT_CATEGORIA (CAT_ID,CAT_NOME) values (7,'Diversos');

-- Inserções para con_confeccao
INSERT INTO con_confeccao (con_id, con_qtd_utilizada, est_id, pra_id) VALUES (1, 10.5, 1, 1);
INSERT INTO con_confeccao (con_id, con_qtd_utilizada, est_id, pra_id) VALUES (2, 15.0, 2, 2);
INSERT INTO con_confeccao (con_id, con_qtd_utilizada, est_id, pra_id) VALUES (3, 20.0, 3, 3);

-- Table: esc_escala
Insert into ADMIN.ESC_ESCALA (ESC_ID,ESC_DATA,ESC_ENTRADA_FUNC,ESC_ENTRADA_REFEICAO,ESC_SAIDA_REFEICAO,ESC_SAIDA_FUNC, FUN_ID, TIP_ID) values ('1','Bouillon - Fish','2','97','2','2');

-- Inserções para est_estoque
Insert into ADMIN.EST_ESTOQUE (EST_ID,EST_NOME,EST_QTD_ESTOQUE,EST_NIVEL_MINIMO,UNI_ID,CAT_ID) values ('1','Bouillon - Fish','2','97','2','2');
Insert into ADMIN.EST_ESTOQUE (EST_ID,EST_NOME,EST_QTD_ESTOQUE,EST_NIVEL_MINIMO,UNI_ID,CAT_ID) values ('2','Appetizer - Spring Roll, Veg','99','29','3','7');
Insert into ADMIN.EST_ESTOQUE (EST_ID,EST_NOME,EST_QTD_ESTOQUE,EST_NIVEL_MINIMO,UNI_ID,CAT_ID) values ('3','Potatoes - Pei 10 Oz','9','10','2','4');
Insert into ADMIN.EST_ESTOQUE (EST_ID,EST_NOME,EST_QTD_ESTOQUE,EST_NIVEL_MINIMO,UNI_ID,CAT_ID) values ('4','Pickerel - Fillets','110','61','2','3');
Insert into ADMIN.EST_ESTOQUE (EST_ID,EST_NOME,EST_QTD_ESTOQUE,EST_NIVEL_MINIMO,UNI_ID,CAT_ID) values ('5','Crush - Cream Soda','55','85','2','2');
Insert into ADMIN.EST_ESTOQUE (EST_ID,EST_NOME,EST_QTD_ESTOQUE,EST_NIVEL_MINIMO,UNI_ID,CAT_ID) values ('6','Jolt Cola - Electric Blue','80','11','2','2');
Insert into ADMIN.EST_ESTOQUE (EST_ID,EST_NOME,EST_QTD_ESTOQUE,EST_NIVEL_MINIMO,UNI_ID,CAT_ID) values ('7','Lumpfish Black','160','99','3','7');
Insert into ADMIN.EST_ESTOQUE (EST_ID,EST_NOME,EST_QTD_ESTOQUE,EST_NIVEL_MINIMO,UNI_ID,CAT_ID) values ('8','Dr. Pepper - 355ml','190','28','2','2');
Insert into ADMIN.EST_ESTOQUE (EST_ID,EST_NOME,EST_QTD_ESTOQUE,EST_NIVEL_MINIMO,UNI_ID,CAT_ID) values ('9','Carbonated Water - Lemon Lime','88','53','2','2');
Insert into ADMIN.EST_ESTOQUE (EST_ID,EST_NOME,EST_QTD_ESTOQUE,EST_NIVEL_MINIMO,UNI_ID,CAT_ID) values ('10','Kaffir Lime Leaves','22','88','3','4');
Insert into ADMIN.EST_ESTOQUE (EST_ID,EST_NOME,EST_QTD_ESTOQUE,EST_NIVEL_MINIMO,UNI_ID,CAT_ID) values ('11','Chicken Breast Halal','81','87','2','3');
Insert into ADMIN.EST_ESTOQUE (EST_ID,EST_NOME,EST_QTD_ESTOQUE,EST_NIVEL_MINIMO,UNI_ID,CAT_ID) values ('12','Vodka - Hot, Inferno','170','20','2','2');
Insert into ADMIN.EST_ESTOQUE (EST_ID,EST_NOME,EST_QTD_ESTOQUE,EST_NIVEL_MINIMO,UNI_ID,CAT_ID) values ('13','Wine - Ee Gallo Sierra Valley','140','83','2','5');
Insert into ADMIN.EST_ESTOQUE (EST_ID,EST_NOME,EST_QTD_ESTOQUE,EST_NIVEL_MINIMO,UNI_ID,CAT_ID) values ('14','Pepsi - 600ml','92','97','2','2');
Insert into ADMIN.EST_ESTOQUE (EST_ID,EST_NOME,EST_QTD_ESTOQUE,EST_NIVEL_MINIMO,UNI_ID,CAT_ID) values ('15','Energy Drink - Redbull 355ml','67','75','2','2');
Insert into ADMIN.EST_ESTOQUE (EST_ID,EST_NOME,EST_QTD_ESTOQUE,EST_NIVEL_MINIMO,UNI_ID,CAT_ID) values ('16','Vaccum Bag - 14x20','120','54','3','7');
Insert into ADMIN.EST_ESTOQUE (EST_ID,EST_NOME,EST_QTD_ESTOQUE,EST_NIVEL_MINIMO,UNI_ID,CAT_ID) values ('17','Roe - Lump Fish, Black','34','40','3','4');
Insert into ADMIN.EST_ESTOQUE (EST_ID,EST_NOME,EST_QTD_ESTOQUE,EST_NIVEL_MINIMO,UNI_ID,CAT_ID) values ('18','Goulash Seasoning','68','3','2','7');
Insert into ADMIN.EST_ESTOQUE (EST_ID,EST_NOME,EST_QTD_ESTOQUE,EST_NIVEL_MINIMO,UNI_ID,CAT_ID) values ('19','Wine - Piper Heidsieck Brut','80','64','2','5');
Insert into ADMIN.EST_ESTOQUE (EST_ID,EST_NOME,EST_QTD_ESTOQUE,EST_NIVEL_MINIMO,UNI_ID,CAT_ID) values ('20','Quinoa','71','53','2','4');
Insert into ADMIN.EST_ESTOQUE (EST_ID,EST_NOME,EST_QTD_ESTOQUE,EST_NIVEL_MINIMO,UNI_ID,CAT_ID) values ('21','Evaporated Milk - Skim','190','99','2','2');
Insert into ADMIN.EST_ESTOQUE (EST_ID,EST_NOME,EST_QTD_ESTOQUE,EST_NIVEL_MINIMO,UNI_ID,CAT_ID) values ('22','Sugar - Palm','52','35','2','4');
Insert into ADMIN.EST_ESTOQUE (EST_ID,EST_NOME,EST_QTD_ESTOQUE,EST_NIVEL_MINIMO,UNI_ID,CAT_ID) values ('23','Sunflower Seed Raw','92','64','2','4');
Insert into ADMIN.EST_ESTOQUE (EST_ID,EST_NOME,EST_QTD_ESTOQUE,EST_NIVEL_MINIMO,UNI_ID,CAT_ID) values ('24','Red Snapper - Fresh, Whole','110','23','2','3');
Insert into ADMIN.EST_ESTOQUE (EST_ID,EST_NOME,EST_QTD_ESTOQUE,EST_NIVEL_MINIMO,UNI_ID,CAT_ID) values ('25','Hagen Daz - Dk Chocolate','40','67','3','6');
Insert into ADMIN.EST_ESTOQUE (EST_ID,EST_NOME,EST_QTD_ESTOQUE,EST_NIVEL_MINIMO,UNI_ID,CAT_ID) values ('26','Cheese - Cheddar With Claret','80','9','2','1');
Insert into ADMIN.EST_ESTOQUE (EST_ID,EST_NOME,EST_QTD_ESTOQUE,EST_NIVEL_MINIMO,UNI_ID,CAT_ID) values ('27','Lemonade - Kiwi, 591 Ml','54','86','2','5');
Insert into ADMIN.EST_ESTOQUE (EST_ID,EST_NOME,EST_QTD_ESTOQUE,EST_NIVEL_MINIMO,UNI_ID,CAT_ID) values ('28','Beef - Rib Roast, Cap On','200','62','2','3');
Insert into ADMIN.EST_ESTOQUE (EST_ID,EST_NOME,EST_QTD_ESTOQUE,EST_NIVEL_MINIMO,UNI_ID,CAT_ID) values ('29','Teriyaki Sauce','87','77','2','7');
Insert into ADMIN.EST_ESTOQUE (EST_ID,EST_NOME,EST_QTD_ESTOQUE,EST_NIVEL_MINIMO,UNI_ID,CAT_ID) values ('30','Pepsi, 355 Ml','190','87','2','2');
Insert into ADMIN.EST_ESTOQUE (EST_ID,EST_NOME,EST_QTD_ESTOQUE,EST_NIVEL_MINIMO,UNI_ID,CAT_ID) values ('31','Ham Black Forest','100','32','2','1');
Insert into ADMIN.EST_ESTOQUE (EST_ID,EST_NOME,EST_QTD_ESTOQUE,EST_NIVEL_MINIMO,UNI_ID,CAT_ID) values ('32','Soda Water - Club Soda, 355 Ml','120','53','2','2');
Insert into ADMIN.EST_ESTOQUE (EST_ID,EST_NOME,EST_QTD_ESTOQUE,EST_NIVEL_MINIMO,UNI_ID,CAT_ID) values ('33','Sausage - Andouille','45','53','2','3');
Insert into ADMIN.EST_ESTOQUE (EST_ID,EST_NOME,EST_QTD_ESTOQUE,EST_NIVEL_MINIMO,UNI_ID,CAT_ID) values ('34','Pears - Bosc','5','2','3','5');
Insert into ADMIN.EST_ESTOQUE (EST_ID,EST_NOME,EST_QTD_ESTOQUE,EST_NIVEL_MINIMO,UNI_ID,CAT_ID) values ('35','Blackberries','200','76','3','5');
Insert into ADMIN.EST_ESTOQUE (EST_ID,EST_NOME,EST_QTD_ESTOQUE,EST_NIVEL_MINIMO,UNI_ID,CAT_ID) values ('36','Gin - Gilbeys London, Dry','170','16','2','2');
Insert into ADMIN.EST_ESTOQUE (EST_ID,EST_NOME,EST_QTD_ESTOQUE,EST_NIVEL_MINIMO,UNI_ID,CAT_ID) values ('37','Liquid Aminos Acid - Braggs','56','97','2','7');
Insert into ADMIN.EST_ESTOQUE (EST_ID,EST_NOME,EST_QTD_ESTOQUE,EST_NIVEL_MINIMO,UNI_ID,CAT_ID) values ('38','Bar Special K','3','77','3','7');
Insert into ADMIN.EST_ESTOQUE (EST_ID,EST_NOME,EST_QTD_ESTOQUE,EST_NIVEL_MINIMO,UNI_ID,CAT_ID) values ('39','Rice - Aborio','85','67','2','4');
Insert into ADMIN.EST_ESTOQUE (EST_ID,EST_NOME,EST_QTD_ESTOQUE,EST_NIVEL_MINIMO,UNI_ID,CAT_ID) values ('40','Kiwi','17','70','3','5');
Insert into ADMIN.EST_ESTOQUE (EST_ID,EST_NOME,EST_QTD_ESTOQUE,EST_NIVEL_MINIMO,UNI_ID,CAT_ID) values ('41','Bread - Hot Dog Buns','98','30','3','7');
Insert into ADMIN.EST_ESTOQUE (EST_ID,EST_NOME,EST_QTD_ESTOQUE,EST_NIVEL_MINIMO,UNI_ID,CAT_ID) values ('42','Bread - Corn Muffaleta Onion','150','47','3','7');
Insert into ADMIN.EST_ESTOQUE (EST_ID,EST_NOME,EST_QTD_ESTOQUE,EST_NIVEL_MINIMO,UNI_ID,CAT_ID) values ('43','Bacardi Breezer - Tropical','36','53','2','2');
Insert into ADMIN.EST_ESTOQUE (EST_ID,EST_NOME,EST_QTD_ESTOQUE,EST_NIVEL_MINIMO,UNI_ID,CAT_ID) values ('44','Appetizer - Veg Assortment','140','24','3','7');
Insert into ADMIN.EST_ESTOQUE (EST_ID,EST_NOME,EST_QTD_ESTOQUE,EST_NIVEL_MINIMO,UNI_ID,CAT_ID) values ('45','Cup - 8oz Coffee Perforated','120','15','3','7');
Insert into ADMIN.EST_ESTOQUE (EST_ID,EST_NOME,EST_QTD_ESTOQUE,EST_NIVEL_MINIMO,UNI_ID,CAT_ID) values ('46','Squid - U - 10 Thailand','160','49','2','3');
Insert into ADMIN.EST_ESTOQUE (EST_ID,EST_NOME,EST_QTD_ESTOQUE,EST_NIVEL_MINIMO,UNI_ID,CAT_ID) values ('47','Chicken - Whole Roasting','90','83','2','3');
Insert into ADMIN.EST_ESTOQUE (EST_ID,EST_NOME,EST_QTD_ESTOQUE,EST_NIVEL_MINIMO,UNI_ID,CAT_ID) values ('48','Eggs - Extra Large','60','27','3','7');
Insert into ADMIN.EST_ESTOQUE (EST_ID,EST_NOME,EST_QTD_ESTOQUE,EST_NIVEL_MINIMO,UNI_ID,CAT_ID) values ('49','Anchovy In Oil','150','24','2','1');

-- Inserções para for_fornecedor
Insert into ADMIN.FOR_FORNECEDOR (FOR_ID,FOR_NOME,FOR_TELEFONE,FOR_ENDERECO,FOR_EMAIL) values ('1','Coca-Cola ltda','123-456-7890','Endereço 1','fornecedor1@example.com');
Insert into ADMIN.FOR_FORNECEDOR (FOR_ID,FOR_NOME,FOR_TELEFONE,FOR_ENDERECO,FOR_EMAIL) values ('2','Friboi','987-654-3210','Endereço 2','fornecedor2@example.com');
Insert into ADMIN.FOR_FORNECEDOR (FOR_ID,FOR_NOME,FOR_TELEFONE,FOR_ENDERECO,FOR_EMAIL) values ('3','Fornecedor 3','555-555-5555','Endereço 3','fornecedor3@example.com');
Insert into ADMIN.FOR_FORNECEDOR (FOR_ID,FOR_NOME,FOR_TELEFONE,FOR_ENDERECO,FOR_EMAIL) values ('4','Sadia','555-555-5755','Endereço 4','fornecedor4@example.com');
Insert into ADMIN.FOR_FORNECEDOR (FOR_ID,FOR_NOME,FOR_TELEFONE,FOR_ENDERECO,FOR_EMAIL) values ('5','Perdigão','555-556-5555','Endereço 5','fornecedor5@example.com');

-- Inserções para fun_funcionario
Insert into ADMIN.FUN_FUNCIONARIO (FUN_ID,FUN_NOME,FUN_FUNCAO,FUN_SALARIO,FUN_FOLGA,FUN_DATA_CONTRATO) values ('4','Luisa Pereira','Atendente','2000',to_date('22/10/23','DD/MM/RR'),to_date('20/01/23','DD/MM/RR'));
Insert into ADMIN.FUN_FUNCIONARIO (FUN_ID,FUN_NOME,FUN_FUNCAO,FUN_SALARIO,FUN_FOLGA,FUN_DATA_CONTRATO) values ('5','Ricardo Mendes','Cozinheiro','3000',to_date('20/10/23','DD/MM/RR'),to_date('10/03/22','DD/MM/RR'));
Insert into ADMIN.FUN_FUNCIONARIO (FUN_ID,FUN_NOME,FUN_FUNCAO,FUN_SALARIO,FUN_FOLGA,FUN_DATA_CONTRATO) values ('6','Isabel Santos','Atendente','2000',to_date('23/10/23','DD/MM/RR'),to_date('15/02/23','DD/MM/RR'));
Insert into ADMIN.FUN_FUNCIONARIO (FUN_ID,FUN_NOME,FUN_FUNCAO,FUN_SALARIO,FUN_FOLGA,FUN_DATA_CONTRATO) values ('7','Carlos Vieira','Garçom','2000',to_date('24/10/23','DD/MM/RR'),to_date('12/11/21','DD/MM/RR'));
Insert into ADMIN.FUN_FUNCIONARIO (FUN_ID,FUN_NOME,FUN_FUNCAO,FUN_SALARIO,FUN_FOLGA,FUN_DATA_CONTRATO) values ('8','Mariana Ferreira','Cozinheira','3000',to_date('25/10/23','DD/MM/RR'),to_date('20/06/22','DD/MM/RR'));
Insert into ADMIN.FUN_FUNCIONARIO (FUN_ID,FUN_NOME,FUN_FUNCAO,FUN_SALARIO,FUN_FOLGA,FUN_DATA_CONTRATO) values ('9','Pedro Rocha','Garçom','2000',to_date('26/10/23','DD/MM/RR'),to_date('15/09/22','DD/MM/RR'));
Insert into ADMIN.FUN_FUNCIONARIO (FUN_ID,FUN_NOME,FUN_FUNCAO,FUN_SALARIO,FUN_FOLGA,FUN_DATA_CONTRATO) values ('10','Camila Lima','Atendente','2000',to_date('27/10/23','DD/MM/RR'),to_date('05/03/23','DD/MM/RR'));
Insert into ADMIN.FUN_FUNCIONARIO (FUN_ID,FUN_NOME,FUN_FUNCAO,FUN_SALARIO,FUN_FOLGA,FUN_DATA_CONTRATO) values ('11','Gustavo Souza','Cozinheiro','3000',to_date('28/10/23','DD/MM/RR'),to_date('10/05/22','DD/MM/RR'));
Insert into ADMIN.FUN_FUNCIONARIO (FUN_ID,FUN_NOME,FUN_FUNCAO,FUN_SALARIO,FUN_FOLGA,FUN_DATA_CONTRATO) values ('12','Daniela Fernandes','Garçom','2000',to_date('29/10/23','DD/MM/RR'),to_date('15/10/21','DD/MM/RR'));
Insert into ADMIN.FUN_FUNCIONARIO (FUN_ID,FUN_NOME,FUN_FUNCAO,FUN_SALARIO,FUN_FOLGA,FUN_DATA_CONTRATO) values ('13','Marcos Santos','Atendente','2000',to_date('30/10/23','DD/MM/RR'),to_date('20/02/22','DD/MM/RR'));
Insert into ADMIN.FUN_FUNCIONARIO (FUN_ID,FUN_NOME,FUN_FUNCAO,FUN_SALARIO,FUN_FOLGA,FUN_DATA_CONTRATO) values ('14','Bianca Oliveira','Cozinheira','3000',to_date('31/10/23','DD/MM/RR'),to_date('10/07/21','DD/MM/RR'));
Insert into ADMIN.FUN_FUNCIONARIO (FUN_ID,FUN_NOME,FUN_FUNCAO,FUN_SALARIO,FUN_FOLGA,FUN_DATA_CONTRATO) values ('15','Eduardo Fernandes','Garçom','2000',to_date('01/11/23','DD/MM/RR'),to_date('05/04/23','DD/MM/RR'));
Insert into ADMIN.FUN_FUNCIONARIO (FUN_ID,FUN_NOME,FUN_FUNCAO,FUN_SALARIO,FUN_FOLGA,FUN_DATA_CONTRATO) values ('16','Renata Costa','Atendente','2000',to_date('02/11/23','DD/MM/RR'),to_date('10/03/22','DD/MM/RR'));
Insert into ADMIN.FUN_FUNCIONARIO (FUN_ID,FUN_NOME,FUN_FUNCAO,FUN_SALARIO,FUN_FOLGA,FUN_DATA_CONTRATO) values ('17','Marcelo Silva','Cozinheiro','3000',to_date('03/11/23','DD/MM/RR'),to_date('15/01/22','DD/MM/RR'));
Insert into ADMIN.FUN_FUNCIONARIO (FUN_ID,FUN_NOME,FUN_FUNCAO,FUN_SALARIO,FUN_FOLGA,FUN_DATA_CONTRATO) values ('18','Rosa Santos','Garçom','2000',to_date('04/11/23','DD/MM/RR'),to_date('20/06/22','DD/MM/RR'));
Insert into ADMIN.FUN_FUNCIONARIO (FUN_ID,FUN_NOME,FUN_FUNCAO,FUN_SALARIO,FUN_FOLGA,FUN_DATA_CONTRATO) values ('19','Vitoria Ferreira','Atendente','2000',to_date('05/11/23','DD/MM/RR'),to_date('05/08/21','DD/MM/RR'));
Insert into ADMIN.FUN_FUNCIONARIO (FUN_ID,FUN_NOME,FUN_FUNCAO,FUN_SALARIO,FUN_FOLGA,FUN_DATA_CONTRATO) values ('20','Ricardo Mendes','Cozinheiro','3000',to_date('06/11/23','DD/MM/RR'),to_date('10/04/22','DD/MM/RR'));
Insert into ADMIN.FUN_FUNCIONARIO (FUN_ID,FUN_NOME,FUN_FUNCAO,FUN_SALARIO,FUN_FOLGA,FUN_DATA_CONTRATO) values ('1','Funcionário 1','Cargo 1','3000',to_date('01/10/23','DD/MM/RR'),to_date('15/01/23','DD/MM/RR'));
Insert into ADMIN.FUN_FUNCIONARIO (FUN_ID,FUN_NOME,FUN_FUNCAO,FUN_SALARIO,FUN_FOLGA,FUN_DATA_CONTRATO) values ('2','Funcionário 2','Cargo 2','3000',to_date('05/10/23','DD/MM/RR'),to_date('20/02/23','DD/MM/RR'));
Insert into ADMIN.FUN_FUNCIONARIO (FUN_ID,FUN_NOME,FUN_FUNCAO,FUN_SALARIO,FUN_FOLGA,FUN_DATA_CONTRATO) values ('3','Funcionário 3','Cargo 3','3000',to_date('10/10/23','DD/MM/RR'),to_date('10/03/23','DD/MM/RR'));

-- Inserções para ins_insumo
Insert into ADMIN.INS_INSUMO (INS_ID,INS_QTD_ENTRADA,INS_VALIDADE,INS_DATA_HORA_COMPRA,INS_VALOR_COMPRA,FOR_ID,EST_ID,INS_PREVISAO_ENTREGA,INS_DATA_RECEBIMENTO,INS_NOTA_FISCAL,INS_PREVISAO_PAGAMENTO,INS_DATA_PAGAMENTO) values ('11','34',to_date('14/01/24','DD/MM/RR'),to_timestamp('27/02/23 16:36:00,000000000','DD/MM/RR HH24:MI:SSXFF'),'6','3','11',to_date('06/03/23','DD/MM/RR'),to_date('06/03/23','DD/MM/RR'),'4553',to_date('04/04/23','DD/MM/RR'),to_date('04/04/23','DD/MM/RR'));
Insert into ADMIN.INS_INSUMO (INS_ID,INS_QTD_ENTRADA,INS_VALIDADE,INS_DATA_HORA_COMPRA,INS_VALOR_COMPRA,FOR_ID,EST_ID,INS_PREVISAO_ENTREGA,INS_DATA_RECEBIMENTO,INS_NOTA_FISCAL,INS_PREVISAO_PAGAMENTO,INS_DATA_PAGAMENTO) values ('12','22',to_date('14/01/24','DD/MM/RR'),to_timestamp('28/02/23 15:32:00,000000000','DD/MM/RR HH24:MI:SSXFF'),'30','3','12',to_date('13/03/23','DD/MM/RR'),to_date('13/03/23','DD/MM/RR'),'8768',to_date('12/04/23','DD/MM/RR'),to_date('12/04/23','DD/MM/RR'));
Insert into ADMIN.INS_INSUMO (INS_ID,INS_QTD_ENTRADA,INS_VALIDADE,INS_DATA_HORA_COMPRA,INS_VALOR_COMPRA,FOR_ID,EST_ID,INS_PREVISAO_ENTREGA,INS_DATA_RECEBIMENTO,INS_NOTA_FISCAL,INS_PREVISAO_PAGAMENTO,INS_DATA_PAGAMENTO) values ('13','41',to_date('14/01/24','DD/MM/RR'),to_timestamp('04/03/23 03:33:00,000000000','DD/MM/RR HH24:MI:SSXFF'),'6','3','13',to_date('19/03/23','DD/MM/RR'),to_date('20/03/23','DD/MM/RR'),'4367',to_date('19/04/23','DD/MM/RR'),to_date('19/04/23','DD/MM/RR'));
Insert into ADMIN.INS_INSUMO (INS_ID,INS_QTD_ENTRADA,INS_VALIDADE,INS_DATA_HORA_COMPRA,INS_VALOR_COMPRA,FOR_ID,EST_ID,INS_PREVISAO_ENTREGA,INS_DATA_RECEBIMENTO,INS_NOTA_FISCAL,INS_PREVISAO_PAGAMENTO,INS_DATA_PAGAMENTO) values ('14','14',to_date('14/01/24','DD/MM/RR'),to_timestamp('05/04/23 01:48:00,000000000','DD/MM/RR HH24:MI:SSXFF'),'40','2','14',to_date('20/04/23','DD/MM/RR'),to_date('24/04/23','DD/MM/RR'),'4521',to_date('23/05/23','DD/MM/RR'),to_date('23/05/23','DD/MM/RR'));
Insert into ADMIN.INS_INSUMO (INS_ID,INS_QTD_ENTRADA,INS_VALIDADE,INS_DATA_HORA_COMPRA,INS_VALOR_COMPRA,FOR_ID,EST_ID,INS_PREVISAO_ENTREGA,INS_DATA_RECEBIMENTO,INS_NOTA_FISCAL,INS_PREVISAO_PAGAMENTO,INS_DATA_PAGAMENTO) values ('15','8',to_date('14/01/24','DD/MM/RR'),to_timestamp('13/04/23 02:59:00,000000000','DD/MM/RR HH24:MI:SSXFF'),'5','5','15',to_date('23/04/23','DD/MM/RR'),to_date('24/04/23','DD/MM/RR'),'4577',to_date('23/05/23','DD/MM/RR'),to_date('23/05/23','DD/MM/RR'));
Insert into ADMIN.INS_INSUMO (INS_ID,INS_QTD_ENTRADA,INS_VALIDADE,INS_DATA_HORA_COMPRA,INS_VALOR_COMPRA,FOR_ID,EST_ID,INS_PREVISAO_ENTREGA,INS_DATA_RECEBIMENTO,INS_NOTA_FISCAL,INS_PREVISAO_PAGAMENTO,INS_DATA_PAGAMENTO) values ('16','37',to_date('14/04/24','DD/MM/RR'),to_timestamp('21/04/23 15:36:00,000000000','DD/MM/RR HH24:MI:SSXFF'),'20','2','16',to_date('06/05/23','DD/MM/RR'),to_date('05/05/23','DD/MM/RR'),'4826',to_date('04/06/23','DD/MM/RR'),to_date('05/06/23','DD/MM/RR'));
Insert into ADMIN.INS_INSUMO (INS_ID,INS_QTD_ENTRADA,INS_VALIDADE,INS_DATA_HORA_COMPRA,INS_VALOR_COMPRA,FOR_ID,EST_ID,INS_PREVISAO_ENTREGA,INS_DATA_RECEBIMENTO,INS_NOTA_FISCAL,INS_PREVISAO_PAGAMENTO,INS_DATA_PAGAMENTO) values ('17','11',to_date('14/04/24','DD/MM/RR'),to_timestamp('24/04/23 09:48:00,000000000','DD/MM/RR HH24:MI:SSXFF'),'40','1','17',to_date('09/05/23','DD/MM/RR'),to_date('09/05/23','DD/MM/RR'),'3956',to_date('08/06/23','DD/MM/RR'),to_date('08/06/23','DD/MM/RR'));
Insert into ADMIN.INS_INSUMO (INS_ID,INS_QTD_ENTRADA,INS_VALIDADE,INS_DATA_HORA_COMPRA,INS_VALOR_COMPRA,FOR_ID,EST_ID,INS_PREVISAO_ENTREGA,INS_DATA_RECEBIMENTO,INS_NOTA_FISCAL,INS_PREVISAO_PAGAMENTO,INS_DATA_PAGAMENTO) values ('18','39',to_date('14/04/24','DD/MM/RR'),to_timestamp('08/05/23 17:34:00,000000000','DD/MM/RR HH24:MI:SSXFF'),'40','2','18',to_date('18/05/23','DD/MM/RR'),to_date('18/05/23','DD/MM/RR'),'6475',to_date('17/06/23','DD/MM/RR'),to_date('16/06/23','DD/MM/RR'));
Insert into ADMIN.INS_INSUMO (INS_ID,INS_QTD_ENTRADA,INS_VALIDADE,INS_DATA_HORA_COMPRA,INS_VALOR_COMPRA,FOR_ID,EST_ID,INS_PREVISAO_ENTREGA,INS_DATA_RECEBIMENTO,INS_NOTA_FISCAL,INS_PREVISAO_PAGAMENTO,INS_DATA_PAGAMENTO) values ('19','9',to_date('14/04/24','DD/MM/RR'),to_timestamp('11/05/23 06:31:00,000000000','DD/MM/RR HH24:MI:SSXFF'),'30','5','19',to_date('26/05/23','DD/MM/RR'),to_date('26/05/23','DD/MM/RR'),'8430',to_date('25/06/23','DD/MM/RR'),to_date('25/06/23','DD/MM/RR'));
Insert into ADMIN.INS_INSUMO (INS_ID,INS_QTD_ENTRADA,INS_VALIDADE,INS_DATA_HORA_COMPRA,INS_VALOR_COMPRA,FOR_ID,EST_ID,INS_PREVISAO_ENTREGA,INS_DATA_RECEBIMENTO,INS_NOTA_FISCAL,INS_PREVISAO_PAGAMENTO,INS_DATA_PAGAMENTO) values ('20','46',to_date('14/04/24','DD/MM/RR'),to_timestamp('19/05/23 22:15:00,000000000','DD/MM/RR HH24:MI:SSXFF'),'3','2','20',to_date('29/05/23','DD/MM/RR'),to_date('05/06/23','DD/MM/RR'),'8458',to_date('04/07/23','DD/MM/RR'),to_date('04/07/23','DD/MM/RR'));
Insert into ADMIN.INS_INSUMO (INS_ID,INS_QTD_ENTRADA,INS_VALIDADE,INS_DATA_HORA_COMPRA,INS_VALOR_COMPRA,FOR_ID,EST_ID,INS_PREVISAO_ENTREGA,INS_DATA_RECEBIMENTO,INS_NOTA_FISCAL,INS_PREVISAO_PAGAMENTO,INS_DATA_PAGAMENTO) values ('21','40',to_date('14/04/24','DD/MM/RR'),to_timestamp('22/05/23 10:43:00,000000000','DD/MM/RR HH24:MI:SSXFF'),'10','2','21',to_date('02/06/23','DD/MM/RR'),to_date('01/06/23','DD/MM/RR'),'4681',to_date('30/06/23','DD/MM/RR'),to_date('30/06/23','DD/MM/RR'));
Insert into ADMIN.INS_INSUMO (INS_ID,INS_QTD_ENTRADA,INS_VALIDADE,INS_DATA_HORA_COMPRA,INS_VALOR_COMPRA,FOR_ID,EST_ID,INS_PREVISAO_ENTREGA,INS_DATA_RECEBIMENTO,INS_NOTA_FISCAL,INS_PREVISAO_PAGAMENTO,INS_DATA_PAGAMENTO) values ('22','47',to_date('14/04/24','DD/MM/RR'),to_timestamp('26/05/23 07:11:00,000000000','DD/MM/RR HH24:MI:SSXFF'),'10','4','22',to_date('10/06/23','DD/MM/RR'),to_date('12/06/23','DD/MM/RR'),'2717',to_date('11/07/23','DD/MM/RR'),to_date('11/07/23','DD/MM/RR'));
Insert into ADMIN.INS_INSUMO (INS_ID,INS_QTD_ENTRADA,INS_VALIDADE,INS_DATA_HORA_COMPRA,INS_VALOR_COMPRA,FOR_ID,EST_ID,INS_PREVISAO_ENTREGA,INS_DATA_RECEBIMENTO,INS_NOTA_FISCAL,INS_PREVISAO_PAGAMENTO,INS_DATA_PAGAMENTO) values ('23','30',to_date('20/11/23','DD/MM/RR'),to_timestamp('26/05/23 16:59:00,000000000','DD/MM/RR HH24:MI:SSXFF'),'9','5','23',to_date('06/06/23','DD/MM/RR'),to_date('05/06/23','DD/MM/RR'),'3985',to_date('04/07/23','DD/MM/RR'),to_date('03/07/23','DD/MM/RR'));
Insert into ADMIN.INS_INSUMO (INS_ID,INS_QTD_ENTRADA,INS_VALIDADE,INS_DATA_HORA_COMPRA,INS_VALOR_COMPRA,FOR_ID,EST_ID,INS_PREVISAO_ENTREGA,INS_DATA_RECEBIMENTO,INS_NOTA_FISCAL,INS_PREVISAO_PAGAMENTO,INS_DATA_PAGAMENTO) values ('24','2',to_date('25/11/23','DD/MM/RR'),to_timestamp('29/05/23 23:12:00,000000000','DD/MM/RR HH24:MI:SSXFF'),'30','2','24',to_date('14/06/23','DD/MM/RR'),to_date('14/06/23','DD/MM/RR'),'9875',to_date('13/07/23','DD/MM/RR'),to_date('13/07/23','DD/MM/RR'));
Insert into ADMIN.INS_INSUMO (INS_ID,INS_QTD_ENTRADA,INS_VALIDADE,INS_DATA_HORA_COMPRA,INS_VALOR_COMPRA,FOR_ID,EST_ID,INS_PREVISAO_ENTREGA,INS_DATA_RECEBIMENTO,INS_NOTA_FISCAL,INS_PREVISAO_PAGAMENTO,INS_DATA_PAGAMENTO) values ('25','27',to_date('14/04/24','DD/MM/RR'),to_timestamp('02/07/23 20:03:00,000000000','DD/MM/RR HH24:MI:SSXFF'),'30','3','25',to_date('17/07/23','DD/MM/RR'),to_date('14/07/23','DD/MM/RR'),'8077',to_date('13/07/23','DD/MM/RR'),to_date('13/07/23','DD/MM/RR'));
Insert into ADMIN.INS_INSUMO (INS_ID,INS_QTD_ENTRADA,INS_VALIDADE,INS_DATA_HORA_COMPRA,INS_VALOR_COMPRA,FOR_ID,EST_ID,INS_PREVISAO_ENTREGA,INS_DATA_RECEBIMENTO,INS_NOTA_FISCAL,INS_PREVISAO_PAGAMENTO,INS_DATA_PAGAMENTO) values ('26','5',to_date('14/04/24','DD/MM/RR'),to_timestamp('10/07/23 18:36:00,000000000','DD/MM/RR HH24:MI:SSXFF'),'10','5','26',to_date('20/07/23','DD/MM/RR'),to_date('24/07/23','DD/MM/RR'),'5465',to_date('23/08/23','DD/MM/RR'),to_date('23/08/23','DD/MM/RR'));
Insert into ADMIN.INS_INSUMO (INS_ID,INS_QTD_ENTRADA,INS_VALIDADE,INS_DATA_HORA_COMPRA,INS_VALOR_COMPRA,FOR_ID,EST_ID,INS_PREVISAO_ENTREGA,INS_DATA_RECEBIMENTO,INS_NOTA_FISCAL,INS_PREVISAO_PAGAMENTO,INS_DATA_PAGAMENTO) values ('27','36',to_date('14/04/24','DD/MM/RR'),to_timestamp('14/07/23 03:53:00,000000000','DD/MM/RR HH24:MI:SSXFF'),'20','2','27',to_date('29/07/23','DD/MM/RR'),to_date('31/07/23','DD/MM/RR'),'5490',to_date('30/08/23','DD/MM/RR'),to_date('30/08/23','DD/MM/RR'));
Insert into ADMIN.INS_INSUMO (INS_ID,INS_QTD_ENTRADA,INS_VALIDADE,INS_DATA_HORA_COMPRA,INS_VALOR_COMPRA,FOR_ID,EST_ID,INS_PREVISAO_ENTREGA,INS_DATA_RECEBIMENTO,INS_NOTA_FISCAL,INS_PREVISAO_PAGAMENTO,INS_DATA_PAGAMENTO) values ('28','7',to_date('14/04/24','DD/MM/RR'),to_timestamp('17/07/23 13:23:00,000000000','DD/MM/RR HH24:MI:SSXFF'),'30','5','28',to_date('27/07/23','DD/MM/RR'),to_date('31/07/23','DD/MM/RR'),'3665',to_date('30/08/23','DD/MM/RR'),to_date('30/08/23','DD/MM/RR'));
Insert into ADMIN.INS_INSUMO (INS_ID,INS_QTD_ENTRADA,INS_VALIDADE,INS_DATA_HORA_COMPRA,INS_VALOR_COMPRA,FOR_ID,EST_ID,INS_PREVISAO_ENTREGA,INS_DATA_RECEBIMENTO,INS_NOTA_FISCAL,INS_PREVISAO_PAGAMENTO,INS_DATA_PAGAMENTO) values ('29','49',to_date('14/04/24','DD/MM/RR'),to_timestamp('28/07/23 00:52:00,000000000','DD/MM/RR HH24:MI:SSXFF'),'10','1','29',to_date('12/08/23','DD/MM/RR'),to_date('11/08/23','DD/MM/RR'),'3749',to_date('11/09/23','DD/MM/RR'),to_date('11/09/23','DD/MM/RR'));
Insert into ADMIN.INS_INSUMO (INS_ID,INS_QTD_ENTRADA,INS_VALIDADE,INS_DATA_HORA_COMPRA,INS_VALOR_COMPRA,FOR_ID,EST_ID,INS_PREVISAO_ENTREGA,INS_DATA_RECEBIMENTO,INS_NOTA_FISCAL,INS_PREVISAO_PAGAMENTO,INS_DATA_PAGAMENTO) values ('30','46',to_date('14/04/24','DD/MM/RR'),to_timestamp('07/08/23 07:33:00,000000000','DD/MM/RR HH24:MI:SSXFF'),'20','3','30',to_date('17/08/23','DD/MM/RR'),to_date('17/08/23','DD/MM/RR'),'5201',to_date('15/09/23','DD/MM/RR'),to_date('15/09/23','DD/MM/RR'));
Insert into ADMIN.INS_INSUMO (INS_ID,INS_QTD_ENTRADA,INS_VALIDADE,INS_DATA_HORA_COMPRA,INS_VALOR_COMPRA,FOR_ID,EST_ID,INS_PREVISAO_ENTREGA,INS_DATA_RECEBIMENTO,INS_NOTA_FISCAL,INS_PREVISAO_PAGAMENTO,INS_DATA_PAGAMENTO) values ('31','44',to_date('14/07/24','DD/MM/RR'),to_timestamp('09/08/23 16:03:00,000000000','DD/MM/RR HH24:MI:SSXFF'),'20','5','31',to_date('24/08/23','DD/MM/RR'),to_date('23/08/23','DD/MM/RR'),'4484',to_date('22/09/23','DD/MM/RR'),to_date('22/09/23','DD/MM/RR'));
Insert into ADMIN.INS_INSUMO (INS_ID,INS_QTD_ENTRADA,INS_VALIDADE,INS_DATA_HORA_COMPRA,INS_VALOR_COMPRA,FOR_ID,EST_ID,INS_PREVISAO_ENTREGA,INS_DATA_RECEBIMENTO,INS_NOTA_FISCAL,INS_PREVISAO_PAGAMENTO,INS_DATA_PAGAMENTO) values ('32','29',to_date('14/07/24','DD/MM/RR'),to_timestamp('18/08/23 12:22:00,000000000','DD/MM/RR HH24:MI:SSXFF'),'30','5','32',to_date('28/08/23','DD/MM/RR'),to_date('28/08/23','DD/MM/RR'),'7214',to_date('27/09/23','DD/MM/RR'),to_date('27/09/23','DD/MM/RR'));
Insert into ADMIN.INS_INSUMO (INS_ID,INS_QTD_ENTRADA,INS_VALIDADE,INS_DATA_HORA_COMPRA,INS_VALOR_COMPRA,FOR_ID,EST_ID,INS_PREVISAO_ENTREGA,INS_DATA_RECEBIMENTO,INS_NOTA_FISCAL,INS_PREVISAO_PAGAMENTO,INS_DATA_PAGAMENTO) values ('33','25',to_date('14/07/24','DD/MM/RR'),to_timestamp('28/08/23 12:27:00,000000000','DD/MM/RR HH24:MI:SSXFF'),'20','1','33',to_date('13/09/23','DD/MM/RR'),to_date('12/09/23','DD/MM/RR'),'6470',to_date('11/10/23','DD/MM/RR'),to_date('11/10/23','DD/MM/RR'));
Insert into ADMIN.INS_INSUMO (INS_ID,INS_QTD_ENTRADA,INS_VALIDADE,INS_DATA_HORA_COMPRA,INS_VALOR_COMPRA,FOR_ID,EST_ID,INS_PREVISAO_ENTREGA,INS_DATA_RECEBIMENTO,INS_NOTA_FISCAL,INS_PREVISAO_PAGAMENTO,INS_DATA_PAGAMENTO) values ('34','8',to_date('05/11/23','DD/MM/RR'),to_timestamp('30/08/23 01:43:00,000000000','DD/MM/RR HH24:MI:SSXFF'),'6','3','34',to_date('14/09/23','DD/MM/RR'),to_date('12/09/23','DD/MM/RR'),'2911',to_date('11/10/23','DD/MM/RR'),to_date('11/10/23','DD/MM/RR'));
Insert into ADMIN.INS_INSUMO (INS_ID,INS_QTD_ENTRADA,INS_VALIDADE,INS_DATA_HORA_COMPRA,INS_VALOR_COMPRA,FOR_ID,EST_ID,INS_PREVISAO_ENTREGA,INS_DATA_RECEBIMENTO,INS_NOTA_FISCAL,INS_PREVISAO_PAGAMENTO,INS_DATA_PAGAMENTO) values ('35','18',to_date('14/07/24','DD/MM/RR'),to_timestamp('04/09/23 22:41:00,000000000','DD/MM/RR HH24:MI:SSXFF'),'20','5','35',to_date('19/09/23','DD/MM/RR'),to_date('17/09/23','DD/MM/RR'),'8849',to_date('16/10/23','DD/MM/RR'),to_date('16/10/23','DD/MM/RR'));
Insert into ADMIN.INS_INSUMO (INS_ID,INS_QTD_ENTRADA,INS_VALIDADE,INS_DATA_HORA_COMPRA,INS_VALOR_COMPRA,FOR_ID,EST_ID,INS_PREVISAO_ENTREGA,INS_DATA_RECEBIMENTO,INS_NOTA_FISCAL,INS_PREVISAO_PAGAMENTO,INS_DATA_PAGAMENTO) values ('36','27',to_date('14/07/24','DD/MM/RR'),to_timestamp('13/09/23 18:43:00,000000000','DD/MM/RR HH24:MI:SSXFF'),'8','3','36',to_date('23/09/23','DD/MM/RR'),to_date('25/09/23','DD/MM/RR'),'2802',to_date('24/10/23','DD/MM/RR'),to_date('24/10/23','DD/MM/RR'));
Insert into ADMIN.INS_INSUMO (INS_ID,INS_QTD_ENTRADA,INS_VALIDADE,INS_DATA_HORA_COMPRA,INS_VALOR_COMPRA,FOR_ID,EST_ID,INS_PREVISAO_ENTREGA,INS_DATA_RECEBIMENTO,INS_NOTA_FISCAL,INS_PREVISAO_PAGAMENTO,INS_DATA_PAGAMENTO) values ('37','1',to_date('14/07/24','DD/MM/RR'),to_timestamp('15/09/23 13:12:00,000000000','DD/MM/RR HH24:MI:SSXFF'),'2','1','37',to_date('25/09/23','DD/MM/RR'),to_date('25/09/23','DD/MM/RR'),'4273',to_date('24/10/23','DD/MM/RR'),to_date('24/10/23','DD/MM/RR'));
Insert into ADMIN.INS_INSUMO (INS_ID,INS_QTD_ENTRADA,INS_VALIDADE,INS_DATA_HORA_COMPRA,INS_VALOR_COMPRA,FOR_ID,EST_ID,INS_PREVISAO_ENTREGA,INS_DATA_RECEBIMENTO,INS_NOTA_FISCAL,INS_PREVISAO_PAGAMENTO,INS_DATA_PAGAMENTO) values ('38','7',null,to_timestamp('15/09/23 21:27:00,000000000','DD/MM/RR HH24:MI:SSXFF'),'40','3','38',to_date('30/09/23','DD/MM/RR'),to_date('29/09/23','DD/MM/RR'),'2834',to_date('27/10/23','DD/MM/RR'),to_date('28/10/23','DD/MM/RR'));
Insert into ADMIN.INS_INSUMO (INS_ID,INS_QTD_ENTRADA,INS_VALIDADE,INS_DATA_HORA_COMPRA,INS_VALOR_COMPRA,FOR_ID,EST_ID,INS_PREVISAO_ENTREGA,INS_DATA_RECEBIMENTO,INS_NOTA_FISCAL,INS_PREVISAO_PAGAMENTO,INS_DATA_PAGAMENTO) values ('39','30',null,to_timestamp('15/09/23 13:55:00,000000000','DD/MM/RR HH24:MI:SSXFF'),'6','4','39',to_date('25/09/23','DD/MM/RR'),to_date('02/10/23','DD/MM/RR'),'7882',to_date('01/11/23','DD/MM/RR'),to_date('01/11/23','DD/MM/RR'));
Insert into ADMIN.INS_INSUMO (INS_ID,INS_QTD_ENTRADA,INS_VALIDADE,INS_DATA_HORA_COMPRA,INS_VALOR_COMPRA,FOR_ID,EST_ID,INS_PREVISAO_ENTREGA,INS_DATA_RECEBIMENTO,INS_NOTA_FISCAL,INS_PREVISAO_PAGAMENTO,INS_DATA_PAGAMENTO) values ('40','15',null,to_timestamp('16/09/23 10:46:00,000000000','DD/MM/RR HH24:MI:SSXFF'),'2','5','40',to_date('26/09/23','DD/MM/RR'),to_date('26/09/23','DD/MM/RR'),'6802',to_date('25/10/23','DD/MM/RR'),to_date('25/10/23','DD/MM/RR'));
Insert into ADMIN.INS_INSUMO (INS_ID,INS_QTD_ENTRADA,INS_VALIDADE,INS_DATA_HORA_COMPRA,INS_VALOR_COMPRA,FOR_ID,EST_ID,INS_PREVISAO_ENTREGA,INS_DATA_RECEBIMENTO,INS_NOTA_FISCAL,INS_PREVISAO_PAGAMENTO,INS_DATA_PAGAMENTO) values ('1','37',to_date('14/01/24','DD/MM/RR'),to_timestamp('03/01/23 21:33:00,000000000','DD/MM/RR HH24:MI:SSXFF'),'6','2','1',to_date('18/01/23','DD/MM/RR'),to_date('17/01/23','DD/MM/RR'),'1474',to_date('16/02/23','DD/MM/RR'),to_date('16/02/23','DD/MM/RR'));
Insert into ADMIN.INS_INSUMO (INS_ID,INS_QTD_ENTRADA,INS_VALIDADE,INS_DATA_HORA_COMPRA,INS_VALOR_COMPRA,FOR_ID,EST_ID,INS_PREVISAO_ENTREGA,INS_DATA_RECEBIMENTO,INS_NOTA_FISCAL,INS_PREVISAO_PAGAMENTO,INS_DATA_PAGAMENTO) values ('2','32',to_date('14/01/24','DD/MM/RR'),to_timestamp('11/01/23 17:59:00,000000000','DD/MM/RR HH24:MI:SSXFF'),'4','5','2',to_date('26/01/23','DD/MM/RR'),to_date('26/01/23','DD/MM/RR'),'2527',to_date('25/02/23','DD/MM/RR'),to_date('24/02/23','DD/MM/RR'));
Insert into ADMIN.INS_INSUMO (INS_ID,INS_QTD_ENTRADA,INS_VALIDADE,INS_DATA_HORA_COMPRA,INS_VALOR_COMPRA,FOR_ID,EST_ID,INS_PREVISAO_ENTREGA,INS_DATA_RECEBIMENTO,INS_NOTA_FISCAL,INS_PREVISAO_PAGAMENTO,INS_DATA_PAGAMENTO) values ('3','16',to_date('14/01/24','DD/MM/RR'),to_timestamp('13/01/23 05:03:00,000000000','DD/MM/RR HH24:MI:SSXFF'),'20','4','3',to_date('23/01/23','DD/MM/RR'),to_date('22/01/23','DD/MM/RR'),'3022',to_date('21/02/23','DD/MM/RR'),to_date('21/02/23','DD/MM/RR'));
Insert into ADMIN.INS_INSUMO (INS_ID,INS_QTD_ENTRADA,INS_VALIDADE,INS_DATA_HORA_COMPRA,INS_VALOR_COMPRA,FOR_ID,EST_ID,INS_PREVISAO_ENTREGA,INS_DATA_RECEBIMENTO,INS_NOTA_FISCAL,INS_PREVISAO_PAGAMENTO,INS_DATA_PAGAMENTO) values ('4','42',to_date('14/01/24','DD/MM/RR'),to_timestamp('13/01/23 23:04:00,000000000','DD/MM/RR HH24:MI:SSXFF'),'20','1','4',to_date('23/01/24','DD/MM/RR'),to_date('23/01/24','DD/MM/RR'),'4298',to_date('22/02/23','DD/MM/RR'),to_date('22/02/23','DD/MM/RR'));
Insert into ADMIN.INS_INSUMO (INS_ID,INS_QTD_ENTRADA,INS_VALIDADE,INS_DATA_HORA_COMPRA,INS_VALOR_COMPRA,FOR_ID,EST_ID,INS_PREVISAO_ENTREGA,INS_DATA_RECEBIMENTO,INS_NOTA_FISCAL,INS_PREVISAO_PAGAMENTO,INS_DATA_PAGAMENTO) values ('5','9',to_date('14/01/24','DD/MM/RR'),to_timestamp('14/01/23 06:29:00,000000000','DD/MM/RR HH24:MI:SSXFF'),'30','1','5',to_date('29/01/23','DD/MM/RR'),to_date('30/01/23','DD/MM/RR'),'6023',to_date('01/03/23','DD/MM/RR'),to_date('01/03/23','DD/MM/RR'));
Insert into ADMIN.INS_INSUMO (INS_ID,INS_QTD_ENTRADA,INS_VALIDADE,INS_DATA_HORA_COMPRA,INS_VALOR_COMPRA,FOR_ID,EST_ID,INS_PREVISAO_ENTREGA,INS_DATA_RECEBIMENTO,INS_NOTA_FISCAL,INS_PREVISAO_PAGAMENTO,INS_DATA_PAGAMENTO) values ('6','6',to_date('14/01/24','DD/MM/RR'),to_timestamp('06/02/23 17:26:00,000000000','DD/MM/RR HH24:MI:SSXFF'),'40','5','6',to_date('21/02/23','DD/MM/RR'),to_date('20/02/23','DD/MM/RR'),'1037',to_date('19/03/23','DD/MM/RR'),to_date('20/03/23','DD/MM/RR'));
Insert into ADMIN.INS_INSUMO (INS_ID,INS_QTD_ENTRADA,INS_VALIDADE,INS_DATA_HORA_COMPRA,INS_VALOR_COMPRA,FOR_ID,EST_ID,INS_PREVISAO_ENTREGA,INS_DATA_RECEBIMENTO,INS_NOTA_FISCAL,INS_PREVISAO_PAGAMENTO,INS_DATA_PAGAMENTO) values ('7','1',to_date('14/01/24','DD/MM/RR'),to_timestamp('11/02/23 04:12:00,000000000','DD/MM/RR HH24:MI:SSXFF'),'20','5','7',to_date('21/02/23','DD/MM/RR'),to_date('20/02/23','DD/MM/RR'),'7149',to_date('19/03/23','DD/MM/RR'),to_date('17/03/23','DD/MM/RR'));
Insert into ADMIN.INS_INSUMO (INS_ID,INS_QTD_ENTRADA,INS_VALIDADE,INS_DATA_HORA_COMPRA,INS_VALOR_COMPRA,FOR_ID,EST_ID,INS_PREVISAO_ENTREGA,INS_DATA_RECEBIMENTO,INS_NOTA_FISCAL,INS_PREVISAO_PAGAMENTO,INS_DATA_PAGAMENTO) values ('8','47',to_date('14/01/24','DD/MM/RR'),to_timestamp('13/02/23 01:55:00,000000000','DD/MM/RR HH24:MI:SSXFF'),'30','5','8',to_date('28/02/23','DD/MM/RR'),to_date('27/02/23','DD/MM/RR'),'9554',to_date('26/03/23','DD/MM/RR'),to_date('24/03/23','DD/MM/RR'));
Insert into ADMIN.INS_INSUMO (INS_ID,INS_QTD_ENTRADA,INS_VALIDADE,INS_DATA_HORA_COMPRA,INS_VALOR_COMPRA,FOR_ID,EST_ID,INS_PREVISAO_ENTREGA,INS_DATA_RECEBIMENTO,INS_NOTA_FISCAL,INS_PREVISAO_PAGAMENTO,INS_DATA_PAGAMENTO) values ('9','37',to_date('14/01/24','DD/MM/RR'),to_timestamp('15/02/23 04:52:00,000000000','DD/MM/RR HH24:MI:SSXFF'),'10','3','9',to_date('02/03/23','DD/MM/RR'),to_date('01/03/23','DD/MM/RR'),'4452',to_date('30/03/23','DD/MM/RR'),to_date('30/03/23','DD/MM/RR'));
Insert into ADMIN.INS_INSUMO (INS_ID,INS_QTD_ENTRADA,INS_VALIDADE,INS_DATA_HORA_COMPRA,INS_VALOR_COMPRA,FOR_ID,EST_ID,INS_PREVISAO_ENTREGA,INS_DATA_RECEBIMENTO,INS_NOTA_FISCAL,INS_PREVISAO_PAGAMENTO,INS_DATA_PAGAMENTO) values ('10','38',to_date('14/01/24','DD/MM/RR'),to_timestamp('17/02/23 14:31:00,000000000','DD/MM/RR HH24:MI:SSXFF'),'8','2','10',to_date('04/03/24','DD/MM/RR'),to_date('03/03/24','DD/MM/RR'),'6023',to_date('01/04/23','DD/MM/RR'),to_date('31/03/23','DD/MM/RR'));
Insert into ADMIN.INS_INSUMO (INS_ID,INS_QTD_ENTRADA,INS_VALIDADE,INS_DATA_HORA_COMPRA,INS_VALOR_COMPRA,FOR_ID,EST_ID,INS_PREVISAO_ENTREGA,INS_DATA_RECEBIMENTO,INS_NOTA_FISCAL,INS_PREVISAO_PAGAMENTO,INS_DATA_PAGAMENTO) values ('41','26',null,to_timestamp('02/10/23 10:34:00,000000000','DD/MM/RR HH24:MI:SSXFF'),'3','2','41',to_date('12/10/23','DD/MM/RR'),to_date('12/10/23','DD/MM/RR'),'6508',to_date('11/11/23','DD/MM/RR'),null);
Insert into ADMIN.INS_INSUMO (INS_ID,INS_QTD_ENTRADA,INS_VALIDADE,INS_DATA_HORA_COMPRA,INS_VALOR_COMPRA,FOR_ID,EST_ID,INS_PREVISAO_ENTREGA,INS_DATA_RECEBIMENTO,INS_NOTA_FISCAL,INS_PREVISAO_PAGAMENTO,INS_DATA_PAGAMENTO) values ('42','2',null,to_timestamp('03/10/23 13:36:00,000000000','DD/MM/RR HH24:MI:SSXFF'),'20','1','42',to_date('18/10/23','DD/MM/RR'),to_date('18/10/23','DD/MM/RR'),'1884',to_date('17/11/23','DD/MM/RR'),null);
Insert into ADMIN.INS_INSUMO (INS_ID,INS_QTD_ENTRADA,INS_VALIDADE,INS_DATA_HORA_COMPRA,INS_VALOR_COMPRA,FOR_ID,EST_ID,INS_PREVISAO_ENTREGA,INS_DATA_RECEBIMENTO,INS_NOTA_FISCAL,INS_PREVISAO_PAGAMENTO,INS_DATA_PAGAMENTO) values ('43','41',null,to_timestamp('04/10/23 13:01:00,000000000','DD/MM/RR HH24:MI:SSXFF'),'10','4','43',to_date('14/10/23','DD/MM/RR'),to_date('16/10/23','DD/MM/RR'),'7751',to_date('15/11/23','DD/MM/RR'),null);
Insert into ADMIN.INS_INSUMO (INS_ID,INS_QTD_ENTRADA,INS_VALIDADE,INS_DATA_HORA_COMPRA,INS_VALOR_COMPRA,FOR_ID,EST_ID,INS_PREVISAO_ENTREGA,INS_DATA_RECEBIMENTO,INS_NOTA_FISCAL,INS_PREVISAO_PAGAMENTO,INS_DATA_PAGAMENTO) values ('44','47',null,to_timestamp('05/10/23 08:15:00,000000000','DD/MM/RR HH24:MI:SSXFF'),'20','1','44',to_date('15/10/23','DD/MM/RR'),to_date('16/10/23','DD/MM/RR'),'2906',to_date('15/11/23','DD/MM/RR'),null);
Insert into ADMIN.INS_INSUMO (INS_ID,INS_QTD_ENTRADA,INS_VALIDADE,INS_DATA_HORA_COMPRA,INS_VALOR_COMPRA,FOR_ID,EST_ID,INS_PREVISAO_ENTREGA,INS_DATA_RECEBIMENTO,INS_NOTA_FISCAL,INS_PREVISAO_PAGAMENTO,INS_DATA_PAGAMENTO) values ('45','1',null,to_timestamp('25/10/23 03:42:00,000000000','DD/MM/RR HH24:MI:SSXFF'),'5','2','45',to_date('04/11/23','DD/MM/RR'),to_date('03/11/23','DD/MM/RR'),'4661',to_date('30/11/23','DD/MM/RR'),null);
Insert into ADMIN.INS_INSUMO (INS_ID,INS_QTD_ENTRADA,INS_VALIDADE,INS_DATA_HORA_COMPRA,INS_VALOR_COMPRA,FOR_ID,EST_ID,INS_PREVISAO_ENTREGA,INS_DATA_RECEBIMENTO,INS_NOTA_FISCAL,INS_PREVISAO_PAGAMENTO,INS_DATA_PAGAMENTO) values ('47','8',null,to_timestamp('05/01/23 20:02:00,000000000','DD/MM/RR HH24:MI:SSXFF'),'20','4','47',to_date('07/05/23','DD/MM/RR'),null,null,null,null);
Insert into ADMIN.INS_INSUMO (INS_ID,INS_QTD_ENTRADA,INS_VALIDADE,INS_DATA_HORA_COMPRA,INS_VALOR_COMPRA,FOR_ID,EST_ID,INS_PREVISAO_ENTREGA,INS_DATA_RECEBIMENTO,INS_NOTA_FISCAL,INS_PREVISAO_PAGAMENTO,INS_DATA_PAGAMENTO) values ('48','47',null,to_timestamp('03/01/23 03:07:00,000000000','DD/MM/RR HH24:MI:SSXFF'),'30','2','48',to_date('21/10/23','DD/MM/RR'),null,null,null,null);
Insert into ADMIN.INS_INSUMO (INS_ID,INS_QTD_ENTRADA,INS_VALIDADE,INS_DATA_HORA_COMPRA,INS_VALOR_COMPRA,FOR_ID,EST_ID,INS_PREVISAO_ENTREGA,INS_DATA_RECEBIMENTO,INS_NOTA_FISCAL,INS_PREVISAO_PAGAMENTO,INS_DATA_PAGAMENTO) values ('49','8',null,to_timestamp('03/01/23 02:02:00,000000000','DD/MM/RR HH24:MI:SSXFF'),'30','3','49',to_date('30/11/23','DD/MM/RR'),null,null,null,null);
Insert into ADMIN.INS_INSUMO (INS_ID,INS_QTD_ENTRADA,INS_VALIDADE,INS_DATA_HORA_COMPRA,INS_VALOR_COMPRA,FOR_ID,EST_ID,INS_PREVISAO_ENTREGA,INS_DATA_RECEBIMENTO,INS_NOTA_FISCAL,INS_PREVISAO_PAGAMENTO,INS_DATA_PAGAMENTO) values ('50','8',null,to_timestamp('03/01/23 02:02:00,000000000','DD/MM/RR HH24:MI:SSXFF'),'30','3','50',to_date('30/11/23','DD/MM/RR'),null,null,null,null);

-- Inserções para ite_item_pedido
Insert into ADMIN.ITE_ITEM_PEDIDO (PRA_ID,PED_ID,ITE_QUANTIDADE,ITE_ID) values ('13','112','1','241');
Insert into ADMIN.ITE_ITEM_PEDIDO (PRA_ID,PED_ID,ITE_QUANTIDADE,ITE_ID) values ('6','112','3','242');
Insert into ADMIN.ITE_ITEM_PEDIDO (PRA_ID,PED_ID,ITE_QUANTIDADE,ITE_ID) values ('1','1','2','179');
Insert into ADMIN.ITE_ITEM_PEDIDO (PRA_ID,PED_ID,ITE_QUANTIDADE,ITE_ID) values ('2','2','3','180');
Insert into ADMIN.ITE_ITEM_PEDIDO (PRA_ID,PED_ID,ITE_QUANTIDADE,ITE_ID) values ('12','110','2','225');
Insert into ADMIN.ITE_ITEM_PEDIDO (PRA_ID,PED_ID,ITE_QUANTIDADE,ITE_ID) values ('4','110','1','226');
Insert into ADMIN.ITE_ITEM_PEDIDO (PRA_ID,PED_ID,ITE_QUANTIDADE,ITE_ID) values ('11','111','1','227');
Insert into ADMIN.ITE_ITEM_PEDIDO (PRA_ID,PED_ID,ITE_QUANTIDADE,ITE_ID) values ('7','111','1','228');
Insert into ADMIN.ITE_ITEM_PEDIDO (PRA_ID,PED_ID,ITE_QUANTIDADE,ITE_ID) values ('20','111','2','229');
Insert into ADMIN.ITE_ITEM_PEDIDO (PRA_ID,PED_ID,ITE_QUANTIDADE,ITE_ID) values ('16','108','1','221');
Insert into ADMIN.ITE_ITEM_PEDIDO (PRA_ID,PED_ID,ITE_QUANTIDADE,ITE_ID) values ('7','108','2','222');
Insert into ADMIN.ITE_ITEM_PEDIDO (PRA_ID,PED_ID,ITE_QUANTIDADE,ITE_ID) values ('16','109','1','223');
Insert into ADMIN.ITE_ITEM_PEDIDO (PRA_ID,PED_ID,ITE_QUANTIDADE,ITE_ID) values ('7','109','2','224');
Insert into ADMIN.ITE_ITEM_PEDIDO (PRA_ID,PED_ID,ITE_QUANTIDADE,ITE_ID) values ('3','1','1','1');
Insert into ADMIN.ITE_ITEM_PEDIDO (PRA_ID,PED_ID,ITE_QUANTIDADE,ITE_ID) values ('5','1','3','2');
Insert into ADMIN.ITE_ITEM_PEDIDO (PRA_ID,PED_ID,ITE_QUANTIDADE,ITE_ID) values ('8','2','2','3');
Insert into ADMIN.ITE_ITEM_PEDIDO (PRA_ID,PED_ID,ITE_QUANTIDADE,ITE_ID) values ('10','2','1','4');
Insert into ADMIN.ITE_ITEM_PEDIDO (PRA_ID,PED_ID,ITE_QUANTIDADE,ITE_ID) values ('2','3','1','5');
Insert into ADMIN.ITE_ITEM_PEDIDO (PRA_ID,PED_ID,ITE_QUANTIDADE,ITE_ID) values ('4','3','2','6');
Insert into ADMIN.ITE_ITEM_PEDIDO (PRA_ID,PED_ID,ITE_QUANTIDADE,ITE_ID) values ('7','3','3','7');
Insert into ADMIN.ITE_ITEM_PEDIDO (PRA_ID,PED_ID,ITE_QUANTIDADE,ITE_ID) values ('12','3','2','8');
Insert into ADMIN.ITE_ITEM_PEDIDO (PRA_ID,PED_ID,ITE_QUANTIDADE,ITE_ID) values ('6','4','2','9');
Insert into ADMIN.ITE_ITEM_PEDIDO (PRA_ID,PED_ID,ITE_QUANTIDADE,ITE_ID) values ('9','4','1','10');
Insert into ADMIN.ITE_ITEM_PEDIDO (PRA_ID,PED_ID,ITE_QUANTIDADE,ITE_ID) values ('11','4','3','11');
Insert into ADMIN.ITE_ITEM_PEDIDO (PRA_ID,PED_ID,ITE_QUANTIDADE,ITE_ID) values ('13','5','2','12');
Insert into ADMIN.ITE_ITEM_PEDIDO (PRA_ID,PED_ID,ITE_QUANTIDADE,ITE_ID) values ('15','5','1','13');
Insert into ADMIN.ITE_ITEM_PEDIDO (PRA_ID,PED_ID,ITE_QUANTIDADE,ITE_ID) values ('14','6','1','14');
Insert into ADMIN.ITE_ITEM_PEDIDO (PRA_ID,PED_ID,ITE_QUANTIDADE,ITE_ID) values ('16','6','2','15');
Insert into ADMIN.ITE_ITEM_PEDIDO (PRA_ID,PED_ID,ITE_QUANTIDADE,ITE_ID) values ('18','6','2','16');
Insert into ADMIN.ITE_ITEM_PEDIDO (PRA_ID,PED_ID,ITE_QUANTIDADE,ITE_ID) values ('17','7','2','17');
Insert into ADMIN.ITE_ITEM_PEDIDO (PRA_ID,PED_ID,ITE_QUANTIDADE,ITE_ID) values ('19','7','1','18');
Insert into ADMIN.ITE_ITEM_PEDIDO (PRA_ID,PED_ID,ITE_QUANTIDADE,ITE_ID) values ('21','7','3','19');
Insert into ADMIN.ITE_ITEM_PEDIDO (PRA_ID,PED_ID,ITE_QUANTIDADE,ITE_ID) values ('24','7','2','20');
Insert into ADMIN.ITE_ITEM_PEDIDO (PRA_ID,PED_ID,ITE_QUANTIDADE,ITE_ID) values ('20','8','2','21');
Insert into ADMIN.ITE_ITEM_PEDIDO (PRA_ID,PED_ID,ITE_QUANTIDADE,ITE_ID) values ('22','8','1','22');
Insert into ADMIN.ITE_ITEM_PEDIDO (PRA_ID,PED_ID,ITE_QUANTIDADE,ITE_ID) values ('25','8','3','23');
Insert into ADMIN.ITE_ITEM_PEDIDO (PRA_ID,PED_ID,ITE_QUANTIDADE,ITE_ID) values ('23','9','2','24');
Insert into ADMIN.ITE_ITEM_PEDIDO (PRA_ID,PED_ID,ITE_QUANTIDADE,ITE_ID) values ('1','9','1','25');
Insert into ADMIN.ITE_ITEM_PEDIDO (PRA_ID,PED_ID,ITE_QUANTIDADE,ITE_ID) values ('3','10','2','26');
Insert into ADMIN.ITE_ITEM_PEDIDO (PRA_ID,PED_ID,ITE_QUANTIDADE,ITE_ID) values ('5','10','1','27');
Insert into ADMIN.ITE_ITEM_PEDIDO (PRA_ID,PED_ID,ITE_QUANTIDADE,ITE_ID) values ('8','10','3','28');
Insert into ADMIN.ITE_ITEM_PEDIDO (PRA_ID,PED_ID,ITE_QUANTIDADE,ITE_ID) values ('12','10','2','29');
Insert into ADMIN.ITE_ITEM_PEDIDO (PRA_ID,PED_ID,ITE_QUANTIDADE,ITE_ID) values ('2','11','1','30');
Insert into ADMIN.ITE_ITEM_PEDIDO (PRA_ID,PED_ID,ITE_QUANTIDADE,ITE_ID) values ('4','11','2','31');
Insert into ADMIN.ITE_ITEM_PEDIDO (PRA_ID,PED_ID,ITE_QUANTIDADE,ITE_ID) values ('7','11','3','32');
Insert into ADMIN.ITE_ITEM_PEDIDO (PRA_ID,PED_ID,ITE_QUANTIDADE,ITE_ID) values ('6','12','2','33');
Insert into ADMIN.ITE_ITEM_PEDIDO (PRA_ID,PED_ID,ITE_QUANTIDADE,ITE_ID) values ('9','12','1','34');
Insert into ADMIN.ITE_ITEM_PEDIDO (PRA_ID,PED_ID,ITE_QUANTIDADE,ITE_ID) values ('11','13','1','35');
Insert into ADMIN.ITE_ITEM_PEDIDO (PRA_ID,PED_ID,ITE_QUANTIDADE,ITE_ID) values ('13','13','2','36');
Insert into ADMIN.ITE_ITEM_PEDIDO (PRA_ID,PED_ID,ITE_QUANTIDADE,ITE_ID) values ('15','13','2','37');
Insert into ADMIN.ITE_ITEM_PEDIDO (PRA_ID,PED_ID,ITE_QUANTIDADE,ITE_ID) values ('16','14','2','38');
Insert into ADMIN.ITE_ITEM_PEDIDO (PRA_ID,PED_ID,ITE_QUANTIDADE,ITE_ID) values ('18','14','1','39');
Insert into ADMIN.ITE_ITEM_PEDIDO (PRA_ID,PED_ID,ITE_QUANTIDADE,ITE_ID) values ('20','14','3','40');
Insert into ADMIN.ITE_ITEM_PEDIDO (PRA_ID,PED_ID,ITE_QUANTIDADE,ITE_ID) values ('23','14','2','41');
Insert into ADMIN.ITE_ITEM_PEDIDO (PRA_ID,PED_ID,ITE_QUANTIDADE,ITE_ID) values ('17','15','2','42');
Insert into ADMIN.ITE_ITEM_PEDIDO (PRA_ID,PED_ID,ITE_QUANTIDADE,ITE_ID) values ('19','15','1','43');
Insert into ADMIN.ITE_ITEM_PEDIDO (PRA_ID,PED_ID,ITE_QUANTIDADE,ITE_ID) values ('21','15','3','44');
Insert into ADMIN.ITE_ITEM_PEDIDO (PRA_ID,PED_ID,ITE_QUANTIDADE,ITE_ID) values ('24','16','2','45');
Insert into ADMIN.ITE_ITEM_PEDIDO (PRA_ID,PED_ID,ITE_QUANTIDADE,ITE_ID) values ('1','16','1','46');
Insert into ADMIN.ITE_ITEM_PEDIDO (PRA_ID,PED_ID,ITE_QUANTIDADE,ITE_ID) values ('3','16','3','47');
Insert into ADMIN.ITE_ITEM_PEDIDO (PRA_ID,PED_ID,ITE_QUANTIDADE,ITE_ID) values ('6','17','2','48');
Insert into ADMIN.ITE_ITEM_PEDIDO (PRA_ID,PED_ID,ITE_QUANTIDADE,ITE_ID) values ('9','17','1','49');
Insert into ADMIN.ITE_ITEM_PEDIDO (PRA_ID,PED_ID,ITE_QUANTIDADE,ITE_ID) values ('11','18','2','50');
Insert into ADMIN.ITE_ITEM_PEDIDO (PRA_ID,PED_ID,ITE_QUANTIDADE,ITE_ID) values ('13','18','1','51');
Insert into ADMIN.ITE_ITEM_PEDIDO (PRA_ID,PED_ID,ITE_QUANTIDADE,ITE_ID) values ('15','18','3','52');
Insert into ADMIN.ITE_ITEM_PEDIDO (PRA_ID,PED_ID,ITE_QUANTIDADE,ITE_ID) values ('16','18','2','53');
Insert into ADMIN.ITE_ITEM_PEDIDO (PRA_ID,PED_ID,ITE_QUANTIDADE,ITE_ID) values ('18','19','1','54');
Insert into ADMIN.ITE_ITEM_PEDIDO (PRA_ID,PED_ID,ITE_QUANTIDADE,ITE_ID) values ('20','19','2','55');
Insert into ADMIN.ITE_ITEM_PEDIDO (PRA_ID,PED_ID,ITE_QUANTIDADE,ITE_ID) values ('23','19','2','56');
Insert into ADMIN.ITE_ITEM_PEDIDO (PRA_ID,PED_ID,ITE_QUANTIDADE,ITE_ID) values ('17','20','2','57');
Insert into ADMIN.ITE_ITEM_PEDIDO (PRA_ID,PED_ID,ITE_QUANTIDADE,ITE_ID) values ('19','20','1','58');
Insert into ADMIN.ITE_ITEM_PEDIDO (PRA_ID,PED_ID,ITE_QUANTIDADE,ITE_ID) values ('21','21','1','59');
Insert into ADMIN.ITE_ITEM_PEDIDO (PRA_ID,PED_ID,ITE_QUANTIDADE,ITE_ID) values ('24','21','2','60');
Insert into ADMIN.ITE_ITEM_PEDIDO (PRA_ID,PED_ID,ITE_QUANTIDADE,ITE_ID) values ('1','21','2','61');
Insert into ADMIN.ITE_ITEM_PEDIDO (PRA_ID,PED_ID,ITE_QUANTIDADE,ITE_ID) values ('3','22','2','62');
Insert into ADMIN.ITE_ITEM_PEDIDO (PRA_ID,PED_ID,ITE_QUANTIDADE,ITE_ID) values ('5','22','1','63');
Insert into ADMIN.ITE_ITEM_PEDIDO (PRA_ID,PED_ID,ITE_QUANTIDADE,ITE_ID) values ('8','22','3','64');
Insert into ADMIN.ITE_ITEM_PEDIDO (PRA_ID,PED_ID,ITE_QUANTIDADE,ITE_ID) values ('12','22','2','65');
Insert into ADMIN.ITE_ITEM_PEDIDO (PRA_ID,PED_ID,ITE_QUANTIDADE,ITE_ID) values ('2','23','1','66');
Insert into ADMIN.ITE_ITEM_PEDIDO (PRA_ID,PED_ID,ITE_QUANTIDADE,ITE_ID) values ('4','23','2','67');
Insert into ADMIN.ITE_ITEM_PEDIDO (PRA_ID,PED_ID,ITE_QUANTIDADE,ITE_ID) values ('7','23','3','68');
Insert into ADMIN.ITE_ITEM_PEDIDO (PRA_ID,PED_ID,ITE_QUANTIDADE,ITE_ID) values ('6','24','2','69');
Insert into ADMIN.ITE_ITEM_PEDIDO (PRA_ID,PED_ID,ITE_QUANTIDADE,ITE_ID) values ('9','24','1','70');
Insert into ADMIN.ITE_ITEM_PEDIDO (PRA_ID,PED_ID,ITE_QUANTIDADE,ITE_ID) values ('11','25','2','71');
Insert into ADMIN.ITE_ITEM_PEDIDO (PRA_ID,PED_ID,ITE_QUANTIDADE,ITE_ID) values ('13','25','1','72');
Insert into ADMIN.ITE_ITEM_PEDIDO (PRA_ID,PED_ID,ITE_QUANTIDADE,ITE_ID) values ('15','25','3','73');
Insert into ADMIN.ITE_ITEM_PEDIDO (PRA_ID,PED_ID,ITE_QUANTIDADE,ITE_ID) values ('16','25','2','74');
Insert into ADMIN.ITE_ITEM_PEDIDO (PRA_ID,PED_ID,ITE_QUANTIDADE,ITE_ID) values ('18','26','1','75');
Insert into ADMIN.ITE_ITEM_PEDIDO (PRA_ID,PED_ID,ITE_QUANTIDADE,ITE_ID) values ('20','26','2','76');
Insert into ADMIN.ITE_ITEM_PEDIDO (PRA_ID,PED_ID,ITE_QUANTIDADE,ITE_ID) values ('23','26','2','77');
Insert into ADMIN.ITE_ITEM_PEDIDO (PRA_ID,PED_ID,ITE_QUANTIDADE,ITE_ID) values ('17','27','2','78');
Insert into ADMIN.ITE_ITEM_PEDIDO (PRA_ID,PED_ID,ITE_QUANTIDADE,ITE_ID) values ('19','27','1','79');
Insert into ADMIN.ITE_ITEM_PEDIDO (PRA_ID,PED_ID,ITE_QUANTIDADE,ITE_ID) values ('21','28','2','80');
Insert into ADMIN.ITE_ITEM_PEDIDO (PRA_ID,PED_ID,ITE_QUANTIDADE,ITE_ID) values ('24','28','1','81');
Insert into ADMIN.ITE_ITEM_PEDIDO (PRA_ID,PED_ID,ITE_QUANTIDADE,ITE_ID) values ('1','28','3','82');
Insert into ADMIN.ITE_ITEM_PEDIDO (PRA_ID,PED_ID,ITE_QUANTIDADE,ITE_ID) values ('3','28','2','83');
Insert into ADMIN.ITE_ITEM_PEDIDO (PRA_ID,PED_ID,ITE_QUANTIDADE,ITE_ID) values ('5','29','1','84');
Insert into ADMIN.ITE_ITEM_PEDIDO (PRA_ID,PED_ID,ITE_QUANTIDADE,ITE_ID) values ('8','29','2','85');
Insert into ADMIN.ITE_ITEM_PEDIDO (PRA_ID,PED_ID,ITE_QUANTIDADE,ITE_ID) values ('12','29','3','86');
Insert into ADMIN.ITE_ITEM_PEDIDO (PRA_ID,PED_ID,ITE_QUANTIDADE,ITE_ID) values ('2','30','2','87');
Insert into ADMIN.ITE_ITEM_PEDIDO (PRA_ID,PED_ID,ITE_QUANTIDADE,ITE_ID) values ('4','30','1','88');
Insert into ADMIN.ITE_ITEM_PEDIDO (PRA_ID,PED_ID,ITE_QUANTIDADE,ITE_ID) values ('7','31','1','89');
Insert into ADMIN.ITE_ITEM_PEDIDO (PRA_ID,PED_ID,ITE_QUANTIDADE,ITE_ID) values ('11','31','2','90');
Insert into ADMIN.ITE_ITEM_PEDIDO (PRA_ID,PED_ID,ITE_QUANTIDADE,ITE_ID) values ('13','31','2','91');
Insert into ADMIN.ITE_ITEM_PEDIDO (PRA_ID,PED_ID,ITE_QUANTIDADE,ITE_ID) values ('15','32','2','92');
Insert into ADMIN.ITE_ITEM_PEDIDO (PRA_ID,PED_ID,ITE_QUANTIDADE,ITE_ID) values ('16','32','1','93');
Insert into ADMIN.ITE_ITEM_PEDIDO (PRA_ID,PED_ID,ITE_QUANTIDADE,ITE_ID) values ('18','32','3','94');
Insert into ADMIN.ITE_ITEM_PEDIDO (PRA_ID,PED_ID,ITE_QUANTIDADE,ITE_ID) values ('20','32','2','95');
Insert into ADMIN.ITE_ITEM_PEDIDO (PRA_ID,PED_ID,ITE_QUANTIDADE,ITE_ID) values ('23','33','2','96');
Insert into ADMIN.ITE_ITEM_PEDIDO (PRA_ID,PED_ID,ITE_QUANTIDADE,ITE_ID) values ('1','33','1','97');
Insert into ADMIN.ITE_ITEM_PEDIDO (PRA_ID,PED_ID,ITE_QUANTIDADE,ITE_ID) values ('3','33','3','98');
Insert into ADMIN.ITE_ITEM_PEDIDO (PRA_ID,PED_ID,ITE_QUANTIDADE,ITE_ID) values ('6','34','2','99');
Insert into ADMIN.ITE_ITEM_PEDIDO (PRA_ID,PED_ID,ITE_QUANTIDADE,ITE_ID) values ('9','34','1','100');
Insert into ADMIN.ITE_ITEM_PEDIDO (PRA_ID,PED_ID,ITE_QUANTIDADE,ITE_ID) values ('11','35','2','101');
Insert into ADMIN.ITE_ITEM_PEDIDO (PRA_ID,PED_ID,ITE_QUANTIDADE,ITE_ID) values ('13','35','1','102');
Insert into ADMIN.ITE_ITEM_PEDIDO (PRA_ID,PED_ID,ITE_QUANTIDADE,ITE_ID) values ('15','35','3','103');
Insert into ADMIN.ITE_ITEM_PEDIDO (PRA_ID,PED_ID,ITE_QUANTIDADE,ITE_ID) values ('16','35','2','104');
Insert into ADMIN.ITE_ITEM_PEDIDO (PRA_ID,PED_ID,ITE_QUANTIDADE,ITE_ID) values ('18','36','1','105');
Insert into ADMIN.ITE_ITEM_PEDIDO (PRA_ID,PED_ID,ITE_QUANTIDADE,ITE_ID) values ('20','36','2','106');
Insert into ADMIN.ITE_ITEM_PEDIDO (PRA_ID,PED_ID,ITE_QUANTIDADE,ITE_ID) values ('23','36','2','107');
Insert into ADMIN.ITE_ITEM_PEDIDO (PRA_ID,PED_ID,ITE_QUANTIDADE,ITE_ID) values ('17','37','2','108');
Insert into ADMIN.ITE_ITEM_PEDIDO (PRA_ID,PED_ID,ITE_QUANTIDADE,ITE_ID) values ('19','37','1','109');
Insert into ADMIN.ITE_ITEM_PEDIDO (PRA_ID,PED_ID,ITE_QUANTIDADE,ITE_ID) values ('21','38','2','110');
Insert into ADMIN.ITE_ITEM_PEDIDO (PRA_ID,PED_ID,ITE_QUANTIDADE,ITE_ID) values ('24','38','1','111');
Insert into ADMIN.ITE_ITEM_PEDIDO (PRA_ID,PED_ID,ITE_QUANTIDADE,ITE_ID) values ('1','38','3','112');
Insert into ADMIN.ITE_ITEM_PEDIDO (PRA_ID,PED_ID,ITE_QUANTIDADE,ITE_ID) values ('3','38','2','113');
Insert into ADMIN.ITE_ITEM_PEDIDO (PRA_ID,PED_ID,ITE_QUANTIDADE,ITE_ID) values ('5','39','1','114');
Insert into ADMIN.ITE_ITEM_PEDIDO (PRA_ID,PED_ID,ITE_QUANTIDADE,ITE_ID) values ('8','39','2','115');
Insert into ADMIN.ITE_ITEM_PEDIDO (PRA_ID,PED_ID,ITE_QUANTIDADE,ITE_ID) values ('12','39','3','116');
Insert into ADMIN.ITE_ITEM_PEDIDO (PRA_ID,PED_ID,ITE_QUANTIDADE,ITE_ID) values ('2','40','1','117');
Insert into ADMIN.ITE_ITEM_PEDIDO (PRA_ID,PED_ID,ITE_QUANTIDADE,ITE_ID) values ('4','40','2','118');
Insert into ADMIN.ITE_ITEM_PEDIDO (PRA_ID,PED_ID,ITE_QUANTIDADE,ITE_ID) values ('7','40','3','119');
Insert into ADMIN.ITE_ITEM_PEDIDO (PRA_ID,PED_ID,ITE_QUANTIDADE,ITE_ID) values ('6','41','2','120');
Insert into ADMIN.ITE_ITEM_PEDIDO (PRA_ID,PED_ID,ITE_QUANTIDADE,ITE_ID) values ('9','41','1','121');
Insert into ADMIN.ITE_ITEM_PEDIDO (PRA_ID,PED_ID,ITE_QUANTIDADE,ITE_ID) values ('11','42','2','122');
Insert into ADMIN.ITE_ITEM_PEDIDO (PRA_ID,PED_ID,ITE_QUANTIDADE,ITE_ID) values ('13','42','1','123');
Insert into ADMIN.ITE_ITEM_PEDIDO (PRA_ID,PED_ID,ITE_QUANTIDADE,ITE_ID) values ('15','42','3','124');
Insert into ADMIN.ITE_ITEM_PEDIDO (PRA_ID,PED_ID,ITE_QUANTIDADE,ITE_ID) values ('16','42','2','125');
Insert into ADMIN.ITE_ITEM_PEDIDO (PRA_ID,PED_ID,ITE_QUANTIDADE,ITE_ID) values ('18','43','1','126');
Insert into ADMIN.ITE_ITEM_PEDIDO (PRA_ID,PED_ID,ITE_QUANTIDADE,ITE_ID) values ('20','43','2','127');
Insert into ADMIN.ITE_ITEM_PEDIDO (PRA_ID,PED_ID,ITE_QUANTIDADE,ITE_ID) values ('23','43','2','128');
Insert into ADMIN.ITE_ITEM_PEDIDO (PRA_ID,PED_ID,ITE_QUANTIDADE,ITE_ID) values ('17','44','2','129');
Insert into ADMIN.ITE_ITEM_PEDIDO (PRA_ID,PED_ID,ITE_QUANTIDADE,ITE_ID) values ('19','44','1','130');
Insert into ADMIN.ITE_ITEM_PEDIDO (PRA_ID,PED_ID,ITE_QUANTIDADE,ITE_ID) values ('21','45','2','131');
Insert into ADMIN.ITE_ITEM_PEDIDO (PRA_ID,PED_ID,ITE_QUANTIDADE,ITE_ID) values ('24','45','1','132');
Insert into ADMIN.ITE_ITEM_PEDIDO (PRA_ID,PED_ID,ITE_QUANTIDADE,ITE_ID) values ('1','45','3','133');
Insert into ADMIN.ITE_ITEM_PEDIDO (PRA_ID,PED_ID,ITE_QUANTIDADE,ITE_ID) values ('3','45','2','134');
Insert into ADMIN.ITE_ITEM_PEDIDO (PRA_ID,PED_ID,ITE_QUANTIDADE,ITE_ID) values ('5','46','1','135');
Insert into ADMIN.ITE_ITEM_PEDIDO (PRA_ID,PED_ID,ITE_QUANTIDADE,ITE_ID) values ('8','46','2','136');
Insert into ADMIN.ITE_ITEM_PEDIDO (PRA_ID,PED_ID,ITE_QUANTIDADE,ITE_ID) values ('12','46','3','137');
Insert into ADMIN.ITE_ITEM_PEDIDO (PRA_ID,PED_ID,ITE_QUANTIDADE,ITE_ID) values ('2','47','1','138');
Insert into ADMIN.ITE_ITEM_PEDIDO (PRA_ID,PED_ID,ITE_QUANTIDADE,ITE_ID) values ('4','47','2','139');
Insert into ADMIN.ITE_ITEM_PEDIDO (PRA_ID,PED_ID,ITE_QUANTIDADE,ITE_ID) values ('7','47','3','140');
Insert into ADMIN.ITE_ITEM_PEDIDO (PRA_ID,PED_ID,ITE_QUANTIDADE,ITE_ID) values ('6','48','2','141');
Insert into ADMIN.ITE_ITEM_PEDIDO (PRA_ID,PED_ID,ITE_QUANTIDADE,ITE_ID) values ('9','48','1','142');
Insert into ADMIN.ITE_ITEM_PEDIDO (PRA_ID,PED_ID,ITE_QUANTIDADE,ITE_ID) values ('11','49','2','143');
Insert into ADMIN.ITE_ITEM_PEDIDO (PRA_ID,PED_ID,ITE_QUANTIDADE,ITE_ID) values ('13','49','1','144');
Insert into ADMIN.ITE_ITEM_PEDIDO (PRA_ID,PED_ID,ITE_QUANTIDADE,ITE_ID) values ('15','49','3','145');
Insert into ADMIN.ITE_ITEM_PEDIDO (PRA_ID,PED_ID,ITE_QUANTIDADE,ITE_ID) values ('16','49','2','146');
Insert into ADMIN.ITE_ITEM_PEDIDO (PRA_ID,PED_ID,ITE_QUANTIDADE,ITE_ID) values ('18','50','1','147');
Insert into ADMIN.ITE_ITEM_PEDIDO (PRA_ID,PED_ID,ITE_QUANTIDADE,ITE_ID) values ('20','50','2','148');
Insert into ADMIN.ITE_ITEM_PEDIDO (PRA_ID,PED_ID,ITE_QUANTIDADE,ITE_ID) values ('23','50','2','149');
Insert into ADMIN.ITE_ITEM_PEDIDO (PRA_ID,PED_ID,ITE_QUANTIDADE,ITE_ID) values ('17','51','2','150');
Insert into ADMIN.ITE_ITEM_PEDIDO (PRA_ID,PED_ID,ITE_QUANTIDADE,ITE_ID) values ('19','51','1','151');
Insert into ADMIN.ITE_ITEM_PEDIDO (PRA_ID,PED_ID,ITE_QUANTIDADE,ITE_ID) values ('21','52','2','152');
Insert into ADMIN.ITE_ITEM_PEDIDO (PRA_ID,PED_ID,ITE_QUANTIDADE,ITE_ID) values ('24','52','1','153');
Insert into ADMIN.ITE_ITEM_PEDIDO (PRA_ID,PED_ID,ITE_QUANTIDADE,ITE_ID) values ('1','52','3','154');
Insert into ADMIN.ITE_ITEM_PEDIDO (PRA_ID,PED_ID,ITE_QUANTIDADE,ITE_ID) values ('3','52','2','155');
Insert into ADMIN.ITE_ITEM_PEDIDO (PRA_ID,PED_ID,ITE_QUANTIDADE,ITE_ID) values ('5','53','1','156');
Insert into ADMIN.ITE_ITEM_PEDIDO (PRA_ID,PED_ID,ITE_QUANTIDADE,ITE_ID) values ('8','53','2','157');
Insert into ADMIN.ITE_ITEM_PEDIDO (PRA_ID,PED_ID,ITE_QUANTIDADE,ITE_ID) values ('12','53','3','158');
Insert into ADMIN.ITE_ITEM_PEDIDO (PRA_ID,PED_ID,ITE_QUANTIDADE,ITE_ID) values ('2','54','2','159');
Insert into ADMIN.ITE_ITEM_PEDIDO (PRA_ID,PED_ID,ITE_QUANTIDADE,ITE_ID) values ('4','54','1','160');
Insert into ADMIN.ITE_ITEM_PEDIDO (PRA_ID,PED_ID,ITE_QUANTIDADE,ITE_ID) values ('7','55','1','161');
Insert into ADMIN.ITE_ITEM_PEDIDO (PRA_ID,PED_ID,ITE_QUANTIDADE,ITE_ID) values ('11','55','2','162');
Insert into ADMIN.ITE_ITEM_PEDIDO (PRA_ID,PED_ID,ITE_QUANTIDADE,ITE_ID) values ('13','55','2','163');
Insert into ADMIN.ITE_ITEM_PEDIDO (PRA_ID,PED_ID,ITE_QUANTIDADE,ITE_ID) values ('15','55','2','164');
Insert into ADMIN.ITE_ITEM_PEDIDO (PRA_ID,PED_ID,ITE_QUANTIDADE,ITE_ID) values ('18','56','1','165');
Insert into ADMIN.ITE_ITEM_PEDIDO (PRA_ID,PED_ID,ITE_QUANTIDADE,ITE_ID) values ('20','56','2','166');
Insert into ADMIN.ITE_ITEM_PEDIDO (PRA_ID,PED_ID,ITE_QUANTIDADE,ITE_ID) values ('23','56','2','167');
Insert into ADMIN.ITE_ITEM_PEDIDO (PRA_ID,PED_ID,ITE_QUANTIDADE,ITE_ID) values ('17','57','2','168');
Insert into ADMIN.ITE_ITEM_PEDIDO (PRA_ID,PED_ID,ITE_QUANTIDADE,ITE_ID) values ('19','57','1','169');
Insert into ADMIN.ITE_ITEM_PEDIDO (PRA_ID,PED_ID,ITE_QUANTIDADE,ITE_ID) values ('21','58','2','170');
Insert into ADMIN.ITE_ITEM_PEDIDO (PRA_ID,PED_ID,ITE_QUANTIDADE,ITE_ID) values ('24','58','1','171');
Insert into ADMIN.ITE_ITEM_PEDIDO (PRA_ID,PED_ID,ITE_QUANTIDADE,ITE_ID) values ('1','58','3','172');
Insert into ADMIN.ITE_ITEM_PEDIDO (PRA_ID,PED_ID,ITE_QUANTIDADE,ITE_ID) values ('3','58','2','173');
Insert into ADMIN.ITE_ITEM_PEDIDO (PRA_ID,PED_ID,ITE_QUANTIDADE,ITE_ID) values ('5','59','1','174');
Insert into ADMIN.ITE_ITEM_PEDIDO (PRA_ID,PED_ID,ITE_QUANTIDADE,ITE_ID) values ('8','59','2','175');
Insert into ADMIN.ITE_ITEM_PEDIDO (PRA_ID,PED_ID,ITE_QUANTIDADE,ITE_ID) values ('12','59','3','176');
Insert into ADMIN.ITE_ITEM_PEDIDO (PRA_ID,PED_ID,ITE_QUANTIDADE,ITE_ID) values ('2','60','2','177');
Insert into ADMIN.ITE_ITEM_PEDIDO (PRA_ID,PED_ID,ITE_QUANTIDADE,ITE_ID) values ('4','60','1','178');

-- Inserções para log_login
INSERT INTO log_login (FUN_ID, LOG_USERNAME, LOG_PASSWORD, PMS_ID) VALUES (1,'MICHEL.RUBENS',RAWTOHEX(STANDARD_HASH('Hextech','SHA1')),3);
INSERT INTO log_login (FUN_ID, LOG_USERNAME, LOG_PASSWORD, PMS_ID) VALUES (2,'Augusto.Santos',RAWTOHEX(STANDARD_HASH('Hextech','SHA1')),3);
INSERT INTO log_login (FUN_ID, LOG_USERNAME, LOG_PASSWORD, PMS_ID) VALUES (3,'Patrick.Souza',RAWTOHEX(STANDARD_HASH('Hextech','SHA1')),3);
INSERT INTO log_login (FUN_ID, LOG_USERNAME, LOG_PASSWORD, PMS_ID) VALUES (4,'Luisa.Pereira',RAWTOHEX(STANDARD_HASH('Hextech','SHA1')),3);
INSERT INTO log_login (FUN_ID, LOG_USERNAME, LOG_PASSWORD, PMS_ID) VALUES (5,'Ricardo.Mendes',RAWTOHEX(STANDARD_HASH('Hextech','SHA1')),3);
INSERT INTO log_login (FUN_ID, LOG_USERNAME, LOG_PASSWORD, PMS_ID) VALUES (6,'Isabel.Santos',RAWTOHEX(STANDARD_HASH('Hextech','SHA1')),3);
INSERT INTO log_login (FUN_ID, LOG_USERNAME, LOG_PASSWORD, PMS_ID) VALUES (7,'Carlos.Vieira',RAWTOHEX(STANDARD_HASH('Hextech','SHA1')),3);
INSERT INTO log_login (FUN_ID, LOG_USERNAME, LOG_PASSWORD, PMS_ID) VALUES (8,'Mariana.Ferreira',RAWTOHEX(STANDARD_HASH('Hextech','SHA1')),3);
INSERT INTO log_login (FUN_ID, LOG_USERNAME, LOG_PASSWORD, PMS_ID) VALUES (9,'Pedro.Rocha',RAWTOHEX(STANDARD_HASH('Hextech','SHA1')),3);
INSERT INTO log_login (FUN_ID, LOG_USERNAME, LOG_PASSWORD, PMS_ID) VALUES (10,'Camila.Lima',RAWTOHEX(STANDARD_HASH('Hextech','SHA1')),3);
INSERT INTO log_login (FUN_ID, LOG_USERNAME, LOG_PASSWORD, PMS_ID) VALUES (11,'Gustavo.Souza',RAWTOHEX(STANDARD_HASH('Hextech','SHA1')),3);
INSERT INTO log_login (FUN_ID, LOG_USERNAME, LOG_PASSWORD, PMS_ID) VALUES (12,'Daniela.Fernandes',RAWTOHEX(STANDARD_HASH('Hextech','SHA1')),3);
INSERT INTO log_login (FUN_ID, LOG_USERNAME, LOG_PASSWORD, PMS_ID) VALUES (13,'Marcos.Santos',RAWTOHEX(STANDARD_HASH('Hextech','SHA1')),3);
INSERT INTO log_login (FUN_ID, LOG_USERNAME, LOG_PASSWORD, PMS_ID) VALUES (14,'Bianca.Oliveira',RAWTOHEX(STANDARD_HASH('Hextech','SHA1')),3);
INSERT INTO log_login (FUN_ID, LOG_USERNAME, LOG_PASSWORD, PMS_ID) VALUES (15,'Eduardo.Fernandes',RAWTOHEX(STANDARD_HASH('Hextech','SHA1')),3);
INSERT INTO log_login (FUN_ID, LOG_USERNAME, LOG_PASSWORD, PMS_ID) VALUES (16,'Renata.Costa',RAWTOHEX(STANDARD_HASH('Hextech','SHA1')),3);
INSERT INTO log_login (FUN_ID, LOG_USERNAME, LOG_PASSWORD, PMS_ID) VALUES (17,'Marcelo.Silva',RAWTOHEX(STANDARD_HASH('Hextech','SHA1')),3);
INSERT INTO log_login (FUN_ID, LOG_USERNAME, LOG_PASSWORD, PMS_ID) VALUES (18,'Rosa.Santos',RAWTOHEX(STANDARD_HASH('Hextech','SHA1')),3);
INSERT INTO log_login (FUN_ID, LOG_USERNAME, LOG_PASSWORD, PMS_ID) VALUES (19,'Vitoria.Ferreira',RAWTOHEX(STANDARD_HASH('Hextech','SHA1')),3);
INSERT INTO log_login (FUN_ID, LOG_USERNAME, LOG_PASSWORD, PMS_ID) VALUES (20,'Ricardo.Mendes',RAWTOHEX(STANDARD_HASH('Hextech','SHA1')),3);

-- Inserções para ped_pedido
Insert into ADMIN.PED_PEDIDO (PED_ID,PED_HORA_PEDIDO,PED_HORA_ENTREGUE,PED_VALOR_TOTAL,PED_AVALIACAO,FUN_ID,RES_ID) values ('112',to_timestamp('06/11/23 19:57:37,879000000','DD/MM/RR HH24:MI:SSXFF'),null,'50',null,null,'5');
Insert into ADMIN.PED_PEDIDO (PED_ID,PED_HORA_PEDIDO,PED_HORA_ENTREGUE,PED_VALOR_TOTAL,PED_AVALIACAO,FUN_ID,RES_ID) values ('1',to_timestamp('02/10/23 18:00:00,000000000','DD/MM/RR HH24:MI:SSXFF'),to_timestamp('01/10/23 12:30:00,000000000','DD/MM/RR HH24:MI:SSXFF'),'50','5','1','1');
Insert into ADMIN.PED_PEDIDO (PED_ID,PED_HORA_PEDIDO,PED_HORA_ENTREGUE,PED_VALOR_TOTAL,PED_AVALIACAO,FUN_ID,RES_ID) values ('2',to_timestamp('06/10/23 19:30:00,000000000','DD/MM/RR HH24:MI:SSXFF'),to_timestamp('05/10/23 19:00:00,000000000','DD/MM/RR HH24:MI:SSXFF'),'80','4','2','2');
Insert into ADMIN.PED_PEDIDO (PED_ID,PED_HORA_PEDIDO,PED_HORA_ENTREGUE,PED_VALOR_TOTAL,PED_AVALIACAO,FUN_ID,RES_ID) values ('110',to_timestamp('05/11/23 23:52:19,327000000','DD/MM/RR HH24:MI:SSXFF'),null,'50',null,null,'5');
Insert into ADMIN.PED_PEDIDO (PED_ID,PED_HORA_PEDIDO,PED_HORA_ENTREGUE,PED_VALOR_TOTAL,PED_AVALIACAO,FUN_ID,RES_ID) values ('111',to_timestamp('05/11/23 23:57:12,071000000','DD/MM/RR HH24:MI:SSXFF'),null,'80',null,null,'5');
Insert into ADMIN.PED_PEDIDO (PED_ID,PED_HORA_PEDIDO,PED_HORA_ENTREGUE,PED_VALOR_TOTAL,PED_AVALIACAO,FUN_ID,RES_ID) values ('3',to_timestamp('21/10/23 20:15:00,000000000','DD/MM/RR HH24:MI:SSXFF'),to_timestamp('21/10/23 16:15:00,000000000','DD/MM/RR HH24:MI:SSXFF'),'30','4','3','3');
Insert into ADMIN.PED_PEDIDO (PED_ID,PED_HORA_PEDIDO,PED_HORA_ENTREGUE,PED_VALOR_TOTAL,PED_AVALIACAO,FUN_ID,RES_ID) values ('4',to_timestamp('22/10/23 17:45:00,000000000','DD/MM/RR HH24:MI:SSXFF'),to_timestamp('22/10/23 21:45:00,000000000','DD/MM/RR HH24:MI:SSXFF'),'80','5','4','4');
Insert into ADMIN.PED_PEDIDO (PED_ID,PED_HORA_PEDIDO,PED_HORA_ENTREGUE,PED_VALOR_TOTAL,PED_AVALIACAO,FUN_ID,RES_ID) values ('5',to_timestamp('23/10/23 19:30:00,000000000','DD/MM/RR HH24:MI:SSXFF'),to_timestamp('23/10/23 15:30:00,000000000','DD/MM/RR HH24:MI:SSXFF'),'50','4','5','5');
Insert into ADMIN.PED_PEDIDO (PED_ID,PED_HORA_PEDIDO,PED_HORA_ENTREGUE,PED_VALOR_TOTAL,PED_AVALIACAO,FUN_ID,RES_ID) values ('6',to_timestamp('24/10/23 18:00:00,000000000','DD/MM/RR HH24:MI:SSXFF'),to_timestamp('24/10/23 19:30:00,000000000','DD/MM/RR HH24:MI:SSXFF'),'40','4','6','6');
Insert into ADMIN.PED_PEDIDO (PED_ID,PED_HORA_PEDIDO,PED_HORA_ENTREGUE,PED_VALOR_TOTAL,PED_AVALIACAO,FUN_ID,RES_ID) values ('7',to_timestamp('25/10/23 20:45:00,000000000','DD/MM/RR HH24:MI:SSXFF'),to_timestamp('25/10/23 14:15:00,000000000','DD/MM/RR HH24:MI:SSXFF'),'60','5','7','7');
Insert into ADMIN.PED_PEDIDO (PED_ID,PED_HORA_PEDIDO,PED_HORA_ENTREGUE,PED_VALOR_TOTAL,PED_AVALIACAO,FUN_ID,RES_ID) values ('8',to_timestamp('26/10/23 17:15:00,000000000','DD/MM/RR HH24:MI:SSXFF'),to_timestamp('26/10/23 20:00:00,000000000','DD/MM/RR HH24:MI:SSXFF'),'50','4','8','8');
Insert into ADMIN.PED_PEDIDO (PED_ID,PED_HORA_PEDIDO,PED_HORA_ENTREGUE,PED_VALOR_TOTAL,PED_AVALIACAO,FUN_ID,RES_ID) values ('9',to_timestamp('27/10/23 19:30:00,000000000','DD/MM/RR HH24:MI:SSXFF'),to_timestamp('27/10/23 15:45:00,000000000','DD/MM/RR HH24:MI:SSXFF'),'60','5','9','9');
Insert into ADMIN.PED_PEDIDO (PED_ID,PED_HORA_PEDIDO,PED_HORA_ENTREGUE,PED_VALOR_TOTAL,PED_AVALIACAO,FUN_ID,RES_ID) values ('10',to_timestamp('28/10/23 20:00:00,000000000','DD/MM/RR HH24:MI:SSXFF'),to_timestamp('28/10/23 19:15:00,000000000','DD/MM/RR HH24:MI:SSXFF'),'40','4','10','10');
Insert into ADMIN.PED_PEDIDO (PED_ID,PED_HORA_PEDIDO,PED_HORA_ENTREGUE,PED_VALOR_TOTAL,PED_AVALIACAO,FUN_ID,RES_ID) values ('11',to_timestamp('29/10/23 18:30:00,000000000','DD/MM/RR HH24:MI:SSXFF'),to_timestamp('29/10/23 16:30:00,000000000','DD/MM/RR HH24:MI:SSXFF'),'40','4','11','11');
Insert into ADMIN.PED_PEDIDO (PED_ID,PED_HORA_PEDIDO,PED_HORA_ENTREGUE,PED_VALOR_TOTAL,PED_AVALIACAO,FUN_ID,RES_ID) values ('12',to_timestamp('30/10/23 19:15:00,000000000','DD/MM/RR HH24:MI:SSXFF'),to_timestamp('30/10/23 20:45:00,000000000','DD/MM/RR HH24:MI:SSXFF'),'70','5','12','12');
Insert into ADMIN.PED_PEDIDO (PED_ID,PED_HORA_PEDIDO,PED_HORA_ENTREGUE,PED_VALOR_TOTAL,PED_AVALIACAO,FUN_ID,RES_ID) values ('13',to_timestamp('31/10/23 20:00:00,000000000','DD/MM/RR HH24:MI:SSXFF'),to_timestamp('31/10/23 13:30:00,000000000','DD/MM/RR HH24:MI:SSXFF'),'40','4','13','13');
Insert into ADMIN.PED_PEDIDO (PED_ID,PED_HORA_PEDIDO,PED_HORA_ENTREGUE,PED_VALOR_TOTAL,PED_AVALIACAO,FUN_ID,RES_ID) values ('14',to_timestamp('01/11/23 18:45:00,000000000','DD/MM/RR HH24:MI:SSXFF'),to_timestamp('01/11/23 18:30:00,000000000','DD/MM/RR HH24:MI:SSXFF'),'60','5','14','14');
Insert into ADMIN.PED_PEDIDO (PED_ID,PED_HORA_PEDIDO,PED_HORA_ENTREGUE,PED_VALOR_TOTAL,PED_AVALIACAO,FUN_ID,RES_ID) values ('15',to_timestamp('02/11/23 19:30:00,000000000','DD/MM/RR HH24:MI:SSXFF'),to_timestamp('02/11/23 14:45:00,000000000','DD/MM/RR HH24:MI:SSXFF'),'50','4','15','15');
Insert into ADMIN.PED_PEDIDO (PED_ID,PED_HORA_PEDIDO,PED_HORA_ENTREGUE,PED_VALOR_TOTAL,PED_AVALIACAO,FUN_ID,RES_ID) values ('16',to_timestamp('03/11/23 17:00:00,000000000','DD/MM/RR HH24:MI:SSXFF'),to_timestamp('03/11/23 21:15:00,000000000','DD/MM/RR HH24:MI:SSXFF'),'70','5','16','16');
Insert into ADMIN.PED_PEDIDO (PED_ID,PED_HORA_PEDIDO,PED_HORA_ENTREGUE,PED_VALOR_TOTAL,PED_AVALIACAO,FUN_ID,RES_ID) values ('17',to_timestamp('04/11/23 20:15:00,000000000','DD/MM/RR HH24:MI:SSXFF'),to_timestamp('04/11/23 15:45:00,000000000','DD/MM/RR HH24:MI:SSXFF'),'50','4','17','17');
Insert into ADMIN.PED_PEDIDO (PED_ID,PED_HORA_PEDIDO,PED_HORA_ENTREGUE,PED_VALOR_TOTAL,PED_AVALIACAO,FUN_ID,RES_ID) values ('18',to_timestamp('05/11/23 19:45:00,000000000','DD/MM/RR HH24:MI:SSXFF'),to_timestamp('05/11/23 20:30:00,000000000','DD/MM/RR HH24:MI:SSXFF'),'70','5','18','18');
Insert into ADMIN.PED_PEDIDO (PED_ID,PED_HORA_PEDIDO,PED_HORA_ENTREGUE,PED_VALOR_TOTAL,PED_AVALIACAO,FUN_ID,RES_ID) values ('19',to_timestamp('06/11/23 17:30:00,000000000','DD/MM/RR HH24:MI:SSXFF'),to_timestamp('06/11/23 14:15:00,000000000','DD/MM/RR HH24:MI:SSXFF'),'40','4','19','19');
Insert into ADMIN.PED_PEDIDO (PED_ID,PED_HORA_PEDIDO,PED_HORA_ENTREGUE,PED_VALOR_TOTAL,PED_AVALIACAO,FUN_ID,RES_ID) values ('20',to_timestamp('07/11/23 18:15:00,000000000','DD/MM/RR HH24:MI:SSXFF'),to_timestamp('07/11/23 19:45:00,000000000','DD/MM/RR HH24:MI:SSXFF'),'60','5','20','20');
Insert into ADMIN.PED_PEDIDO (PED_ID,PED_HORA_PEDIDO,PED_HORA_ENTREGUE,PED_VALOR_TOTAL,PED_AVALIACAO,FUN_ID,RES_ID) values ('21',to_timestamp('02/10/23 18:00:00,000000000','DD/MM/RR HH24:MI:SSXFF'),to_timestamp('08/11/23 13:30:00,000000000','DD/MM/RR HH24:MI:SSXFF'),'40','4','1','1');
Insert into ADMIN.PED_PEDIDO (PED_ID,PED_HORA_PEDIDO,PED_HORA_ENTREGUE,PED_VALOR_TOTAL,PED_AVALIACAO,FUN_ID,RES_ID) values ('22',to_timestamp('06/10/23 19:30:00,000000000','DD/MM/RR HH24:MI:SSXFF'),to_timestamp('09/11/23 18:15:00,000000000','DD/MM/RR HH24:MI:SSXFF'),'50','5','2','2');
Insert into ADMIN.PED_PEDIDO (PED_ID,PED_HORA_PEDIDO,PED_HORA_ENTREGUE,PED_VALOR_TOTAL,PED_AVALIACAO,FUN_ID,RES_ID) values ('23',to_timestamp('21/10/23 20:15:00,000000000','DD/MM/RR HH24:MI:SSXFF'),to_timestamp('10/11/23 15:30:00,000000000','DD/MM/RR HH24:MI:SSXFF'),'40','4','3','3');
Insert into ADMIN.PED_PEDIDO (PED_ID,PED_HORA_PEDIDO,PED_HORA_ENTREGUE,PED_VALOR_TOTAL,PED_AVALIACAO,FUN_ID,RES_ID) values ('24',to_timestamp('22/10/23 17:45:00,000000000','DD/MM/RR HH24:MI:SSXFF'),to_timestamp('11/11/23 20:15:00,000000000','DD/MM/RR HH24:MI:SSXFF'),'60','5','4','4');
Insert into ADMIN.PED_PEDIDO (PED_ID,PED_HORA_PEDIDO,PED_HORA_ENTREGUE,PED_VALOR_TOTAL,PED_AVALIACAO,FUN_ID,RES_ID) values ('25',to_timestamp('23/10/23 19:30:00,000000000','DD/MM/RR HH24:MI:SSXFF'),to_timestamp('12/11/23 13:30:00,000000000','DD/MM/RR HH24:MI:SSXFF'),'40','4','5','5');
Insert into ADMIN.PED_PEDIDO (PED_ID,PED_HORA_PEDIDO,PED_HORA_ENTREGUE,PED_VALOR_TOTAL,PED_AVALIACAO,FUN_ID,RES_ID) values ('26',to_timestamp('24/10/23 18:00:00,000000000','DD/MM/RR HH24:MI:SSXFF'),to_timestamp('13/11/23 18:45:00,000000000','DD/MM/RR HH24:MI:SSXFF'),'50','5','6','6');
Insert into ADMIN.PED_PEDIDO (PED_ID,PED_HORA_PEDIDO,PED_HORA_ENTREGUE,PED_VALOR_TOTAL,PED_AVALIACAO,FUN_ID,RES_ID) values ('27',to_timestamp('25/10/23 20:45:00,000000000','DD/MM/RR HH24:MI:SSXFF'),to_timestamp('14/11/23 14:30:00,000000000','DD/MM/RR HH24:MI:SSXFF'),'50','4','7','7');
Insert into ADMIN.PED_PEDIDO (PED_ID,PED_HORA_PEDIDO,PED_HORA_ENTREGUE,PED_VALOR_TOTAL,PED_AVALIACAO,FUN_ID,RES_ID) values ('28',to_timestamp('26/10/23 17:15:00,000000000','DD/MM/RR HH24:MI:SSXFF'),to_timestamp('15/11/23 20:30:00,000000000','DD/MM/RR HH24:MI:SSXFF'),'60','5','8','8');
Insert into ADMIN.PED_PEDIDO (PED_ID,PED_HORA_PEDIDO,PED_HORA_ENTREGUE,PED_VALOR_TOTAL,PED_AVALIACAO,FUN_ID,RES_ID) values ('29',to_timestamp('27/10/23 19:30:00,000000000','DD/MM/RR HH24:MI:SSXFF'),to_timestamp('16/11/23 13:45:00,000000000','DD/MM/RR HH24:MI:SSXFF'),'40','4','9','9');
Insert into ADMIN.PED_PEDIDO (PED_ID,PED_HORA_PEDIDO,PED_HORA_ENTREGUE,PED_VALOR_TOTAL,PED_AVALIACAO,FUN_ID,RES_ID) values ('30',to_timestamp('28/10/23 20:00:00,000000000','DD/MM/RR HH24:MI:SSXFF'),to_timestamp('17/11/23 19:00:00,000000000','DD/MM/RR HH24:MI:SSXFF'),'60','5','10','10');
Insert into ADMIN.PED_PEDIDO (PED_ID,PED_HORA_PEDIDO,PED_HORA_ENTREGUE,PED_VALOR_TOTAL,PED_AVALIACAO,FUN_ID,RES_ID) values ('31',to_timestamp('29/10/23 18:30:00,000000000','DD/MM/RR HH24:MI:SSXFF'),to_timestamp('18/11/23 15:15:00,000000000','DD/MM/RR HH24:MI:SSXFF'),'50','4','11','11');
Insert into ADMIN.PED_PEDIDO (PED_ID,PED_HORA_PEDIDO,PED_HORA_ENTREGUE,PED_VALOR_TOTAL,PED_AVALIACAO,FUN_ID,RES_ID) values ('32',to_timestamp('30/10/23 19:15:00,000000000','DD/MM/RR HH24:MI:SSXFF'),to_timestamp('19/11/23 19:45:00,000000000','DD/MM/RR HH24:MI:SSXFF'),'60','5','12','12');
Insert into ADMIN.PED_PEDIDO (PED_ID,PED_HORA_PEDIDO,PED_HORA_ENTREGUE,PED_VALOR_TOTAL,PED_AVALIACAO,FUN_ID,RES_ID) values ('33',to_timestamp('31/10/23 20:00:00,000000000','DD/MM/RR HH24:MI:SSXFF'),to_timestamp('20/11/23 13:30:00,000000000','DD/MM/RR HH24:MI:SSXFF'),'40','4','13','13');
Insert into ADMIN.PED_PEDIDO (PED_ID,PED_HORA_PEDIDO,PED_HORA_ENTREGUE,PED_VALOR_TOTAL,PED_AVALIACAO,FUN_ID,RES_ID) values ('34',to_timestamp('01/11/23 18:45:00,000000000','DD/MM/RR HH24:MI:SSXFF'),to_timestamp('21/11/23 18:15:00,000000000','DD/MM/RR HH24:MI:SSXFF'),'50','5','14','14');
Insert into ADMIN.PED_PEDIDO (PED_ID,PED_HORA_PEDIDO,PED_HORA_ENTREGUE,PED_VALOR_TOTAL,PED_AVALIACAO,FUN_ID,RES_ID) values ('35',to_timestamp('02/11/23 19:30:00,000000000','DD/MM/RR HH24:MI:SSXFF'),to_timestamp('22/11/23 14:30:00,000000000','DD/MM/RR HH24:MI:SSXFF'),'50','4','15','15');
Insert into ADMIN.PED_PEDIDO (PED_ID,PED_HORA_PEDIDO,PED_HORA_ENTREGUE,PED_VALOR_TOTAL,PED_AVALIACAO,FUN_ID,RES_ID) values ('36',to_timestamp('03/11/23 17:00:00,000000000','DD/MM/RR HH24:MI:SSXFF'),to_timestamp('23/11/23 20:30:00,000000000','DD/MM/RR HH24:MI:SSXFF'),'70','5','16','16');
Insert into ADMIN.PED_PEDIDO (PED_ID,PED_HORA_PEDIDO,PED_HORA_ENTREGUE,PED_VALOR_TOTAL,PED_AVALIACAO,FUN_ID,RES_ID) values ('37',to_timestamp('04/11/23 20:15:00,000000000','DD/MM/RR HH24:MI:SSXFF'),to_timestamp('24/11/23 13:15:00,000000000','DD/MM/RR HH24:MI:SSXFF'),'40','4','17','17');
Insert into ADMIN.PED_PEDIDO (PED_ID,PED_HORA_PEDIDO,PED_HORA_ENTREGUE,PED_VALOR_TOTAL,PED_AVALIACAO,FUN_ID,RES_ID) values ('38',to_timestamp('05/11/23 19:45:00,000000000','DD/MM/RR HH24:MI:SSXFF'),to_timestamp('25/11/23 18:45:00,000000000','DD/MM/RR HH24:MI:SSXFF'),'60','5','18','18');
Insert into ADMIN.PED_PEDIDO (PED_ID,PED_HORA_PEDIDO,PED_HORA_ENTREGUE,PED_VALOR_TOTAL,PED_AVALIACAO,FUN_ID,RES_ID) values ('39',to_timestamp('06/11/23 17:30:00,000000000','DD/MM/RR HH24:MI:SSXFF'),to_timestamp('26/11/23 14:30:00,000000000','DD/MM/RR HH24:MI:SSXFF'),'50','4','19','19');
Insert into ADMIN.PED_PEDIDO (PED_ID,PED_HORA_PEDIDO,PED_HORA_ENTREGUE,PED_VALOR_TOTAL,PED_AVALIACAO,FUN_ID,RES_ID) values ('40',to_timestamp('07/11/23 18:15:00,000000000','DD/MM/RR HH24:MI:SSXFF'),to_timestamp('27/11/23 19:30:00,000000000','DD/MM/RR HH24:MI:SSXFF'),'60','5','20','20');
Insert into ADMIN.PED_PEDIDO (PED_ID,PED_HORA_PEDIDO,PED_HORA_ENTREGUE,PED_VALOR_TOTAL,PED_AVALIACAO,FUN_ID,RES_ID) values ('41',to_timestamp('02/10/23 18:00:00,000000000','DD/MM/RR HH24:MI:SSXFF'),to_timestamp('28/11/23 13:45:00,000000000','DD/MM/RR HH24:MI:SSXFF'),'40','4','1','1');
Insert into ADMIN.PED_PEDIDO (PED_ID,PED_HORA_PEDIDO,PED_HORA_ENTREGUE,PED_VALOR_TOTAL,PED_AVALIACAO,FUN_ID,RES_ID) values ('42',to_timestamp('06/10/23 19:30:00,000000000','DD/MM/RR HH24:MI:SSXFF'),to_timestamp('29/11/23 20:15:00,000000000','DD/MM/RR HH24:MI:SSXFF'),'60','5','2','2');
Insert into ADMIN.PED_PEDIDO (PED_ID,PED_HORA_PEDIDO,PED_HORA_ENTREGUE,PED_VALOR_TOTAL,PED_AVALIACAO,FUN_ID,RES_ID) values ('43',to_timestamp('21/10/23 20:15:00,000000000','DD/MM/RR HH24:MI:SSXFF'),to_timestamp('30/11/23 15:30:00,000000000','DD/MM/RR HH24:MI:SSXFF'),'50','4','3','3');
Insert into ADMIN.PED_PEDIDO (PED_ID,PED_HORA_PEDIDO,PED_HORA_ENTREGUE,PED_VALOR_TOTAL,PED_AVALIACAO,FUN_ID,RES_ID) values ('44',to_timestamp('22/10/23 17:45:00,000000000','DD/MM/RR HH24:MI:SSXFF'),to_timestamp('01/12/23 19:45:00,000000000','DD/MM/RR HH24:MI:SSXFF'),'50','5','4','4');
Insert into ADMIN.PED_PEDIDO (PED_ID,PED_HORA_PEDIDO,PED_HORA_ENTREGUE,PED_VALOR_TOTAL,PED_AVALIACAO,FUN_ID,RES_ID) values ('45',to_timestamp('23/10/23 19:30:00,000000000','DD/MM/RR HH24:MI:SSXFF'),to_timestamp('02/12/23 14:15:00,000000000','DD/MM/RR HH24:MI:SSXFF'),'50','4','5','5');
Insert into ADMIN.PED_PEDIDO (PED_ID,PED_HORA_PEDIDO,PED_HORA_ENTREGUE,PED_VALOR_TOTAL,PED_AVALIACAO,FUN_ID,RES_ID) values ('46',to_timestamp('24/10/23 18:00:00,000000000','DD/MM/RR HH24:MI:SSXFF'),to_timestamp('03/12/23 18:45:00,000000000','DD/MM/RR HH24:MI:SSXFF'),'50','5','6','6');
Insert into ADMIN.PED_PEDIDO (PED_ID,PED_HORA_PEDIDO,PED_HORA_ENTREGUE,PED_VALOR_TOTAL,PED_AVALIACAO,FUN_ID,RES_ID) values ('47',to_timestamp('25/10/23 20:45:00,000000000','DD/MM/RR HH24:MI:SSXFF'),to_timestamp('04/12/23 13:15:00,000000000','DD/MM/RR HH24:MI:SSXFF'),'40','4','7','7');
Insert into ADMIN.PED_PEDIDO (PED_ID,PED_HORA_PEDIDO,PED_HORA_ENTREGUE,PED_VALOR_TOTAL,PED_AVALIACAO,FUN_ID,RES_ID) values ('48',to_timestamp('26/10/23 17:15:00,000000000','DD/MM/RR HH24:MI:SSXFF'),to_timestamp('05/12/23 19:15:00,000000000','DD/MM/RR HH24:MI:SSXFF'),'60','5','8','8');
Insert into ADMIN.PED_PEDIDO (PED_ID,PED_HORA_PEDIDO,PED_HORA_ENTREGUE,PED_VALOR_TOTAL,PED_AVALIACAO,FUN_ID,RES_ID) values ('49',to_timestamp('27/10/23 19:30:00,000000000','DD/MM/RR HH24:MI:SSXFF'),to_timestamp('06/12/23 14:30:00,000000000','DD/MM/RR HH24:MI:SSXFF'),'50','4','9','9');
Insert into ADMIN.PED_PEDIDO (PED_ID,PED_HORA_PEDIDO,PED_HORA_ENTREGUE,PED_VALOR_TOTAL,PED_AVALIACAO,FUN_ID,RES_ID) values ('50',to_timestamp('28/10/23 20:00:00,000000000','DD/MM/RR HH24:MI:SSXFF'),to_timestamp('07/12/23 19:00:00,000000000','DD/MM/RR HH24:MI:SSXFF'),'60','5','10','10');
Insert into ADMIN.PED_PEDIDO (PED_ID,PED_HORA_PEDIDO,PED_HORA_ENTREGUE,PED_VALOR_TOTAL,PED_AVALIACAO,FUN_ID,RES_ID) values ('51',to_timestamp('29/10/23 18:30:00,000000000','DD/MM/RR HH24:MI:SSXFF'),to_timestamp('08/12/23 13:45:00,000000000','DD/MM/RR HH24:MI:SSXFF'),'50','4','11','11');
Insert into ADMIN.PED_PEDIDO (PED_ID,PED_HORA_PEDIDO,PED_HORA_ENTREGUE,PED_VALOR_TOTAL,PED_AVALIACAO,FUN_ID,RES_ID) values ('52',to_timestamp('30/10/23 19:15:00,000000000','DD/MM/RR HH24:MI:SSXFF'),to_timestamp('09/12/23 19:45:00,000000000','DD/MM/RR HH24:MI:SSXFF'),'60','5','12','12');
Insert into ADMIN.PED_PEDIDO (PED_ID,PED_HORA_PEDIDO,PED_HORA_ENTREGUE,PED_VALOR_TOTAL,PED_AVALIACAO,FUN_ID,RES_ID) values ('53',to_timestamp('31/10/23 20:00:00,000000000','DD/MM/RR HH24:MI:SSXFF'),to_timestamp('10/12/23 14:30:00,000000000','DD/MM/RR HH24:MI:SSXFF'),'50','4','13','13');
Insert into ADMIN.PED_PEDIDO (PED_ID,PED_HORA_PEDIDO,PED_HORA_ENTREGUE,PED_VALOR_TOTAL,PED_AVALIACAO,FUN_ID,RES_ID) values ('54',to_timestamp('01/11/23 18:45:00,000000000','DD/MM/RR HH24:MI:SSXFF'),to_timestamp('11/12/23 18:15:00,000000000','DD/MM/RR HH24:MI:SSXFF'),'60','5','14','14');
Insert into ADMIN.PED_PEDIDO (PED_ID,PED_HORA_PEDIDO,PED_HORA_ENTREGUE,PED_VALOR_TOTAL,PED_AVALIACAO,FUN_ID,RES_ID) values ('55',to_timestamp('02/11/23 19:30:00,000000000','DD/MM/RR HH24:MI:SSXFF'),to_timestamp('12/12/23 13:30:00,000000000','DD/MM/RR HH24:MI:SSXFF'),'50','4','15','15');
Insert into ADMIN.PED_PEDIDO (PED_ID,PED_HORA_PEDIDO,PED_HORA_ENTREGUE,PED_VALOR_TOTAL,PED_AVALIACAO,FUN_ID,RES_ID) values ('56',to_timestamp('03/11/23 17:00:00,000000000','DD/MM/RR HH24:MI:SSXFF'),to_timestamp('13/12/23 19:45:00,000000000','DD/MM/RR HH24:MI:SSXFF'),'60','5','16','16');
Insert into ADMIN.PED_PEDIDO (PED_ID,PED_HORA_PEDIDO,PED_HORA_ENTREGUE,PED_VALOR_TOTAL,PED_AVALIACAO,FUN_ID,RES_ID) values ('57',to_timestamp('04/11/23 20:15:00,000000000','DD/MM/RR HH24:MI:SSXFF'),to_timestamp('14/12/23 14:15:00,000000000','DD/MM/RR HH24:MI:SSXFF'),'40','4','17','17');
Insert into ADMIN.PED_PEDIDO (PED_ID,PED_HORA_PEDIDO,PED_HORA_ENTREGUE,PED_VALOR_TOTAL,PED_AVALIACAO,FUN_ID,RES_ID) values ('58',to_timestamp('05/11/23 19:45:00,000000000','DD/MM/RR HH24:MI:SSXFF'),to_timestamp('15/12/23 18:45:00,000000000','DD/MM/RR HH24:MI:SSXFF'),'60','5','18','18');
Insert into ADMIN.PED_PEDIDO (PED_ID,PED_HORA_PEDIDO,PED_HORA_ENTREGUE,PED_VALOR_TOTAL,PED_AVALIACAO,FUN_ID,RES_ID) values ('59',to_timestamp('06/11/23 17:30:00,000000000','DD/MM/RR HH24:MI:SSXFF'),to_timestamp('16/12/23 13:30:00,000000000','DD/MM/RR HH24:MI:SSXFF'),'50','4','19','19');
Insert into ADMIN.PED_PEDIDO (PED_ID,PED_HORA_PEDIDO,PED_HORA_ENTREGUE,PED_VALOR_TOTAL,PED_AVALIACAO,FUN_ID,RES_ID) values ('60',to_timestamp('07/11/23 18:15:00,000000000','DD/MM/RR HH24:MI:SSXFF'),to_timestamp('17/12/23 20:30:00,000000000','DD/MM/RR HH24:MI:SSXFF'),'60','5','20','20');
Insert into ADMIN.PED_PEDIDO (PED_ID,PED_HORA_PEDIDO,PED_HORA_ENTREGUE,PED_VALOR_TOTAL,PED_AVALIACAO,FUN_ID,RES_ID) values ('108',to_timestamp('05/11/23 23:38:27,568000000','DD/MM/RR HH24:MI:SSXFF'),null,'60',null,null,'5');
Insert into ADMIN.PED_PEDIDO (PED_ID,PED_HORA_PEDIDO,PED_HORA_ENTREGUE,PED_VALOR_TOTAL,PED_AVALIACAO,FUN_ID,RES_ID) values ('109',to_timestamp('05/11/23 23:40:09,510000000','DD/MM/RR HH24:MI:SSXFF'),null,'60',null,null,'5');

-- Inserções para per_perfilescala
INSERT INTO per_perfilescala (per_nomeperfil, per_hora_entrada, per_hora_saida) VALUES ('ADMINISTRATIVO', to_timestamp('28/10/23 06:00:00,000000000','DD/MM/RR HH24:MI:SSXFF'), to_timestamp('28/10/23 16:00:00,000000000','DD/MM/RR HH24:MI:SSXFF') );

-- Inserções para pms_permissao
INSERT INTO pms_permissao (pms_permissao) VALUES ('DONO');
INSERT INTO pms_permissao (pms_permissao) VALUES ('GERENTE');
INSERT INTO pms_permissao (pms_permissao) VALUES ('FUNCIONARIO');

-- Inserções para pra_prato
Insert into ADMIN.PRA_PRATO (PRA_ID,PRA_NOME,PRA_CUSTO,PRA_PRECO_VENDA,PRA_TEMPO_PREPARO) values ('1','Frango Grelhado','4','10',to_timestamp('15/10/23 00:30:00,000000000','DD/MM/RR HH24:MI:SSXFF'));
Insert into ADMIN.PRA_PRATO (PRA_ID,PRA_NOME,PRA_CUSTO,PRA_PRECO_VENDA,PRA_TEMPO_PREPARO) values ('2','Massa à Carbonara','4','10',to_timestamp('15/10/23 00:45:00,000000000','DD/MM/RR HH24:MI:SSXFF'));
Insert into ADMIN.PRA_PRATO (PRA_ID,PRA_NOME,PRA_CUSTO,PRA_PRECO_VENDA,PRA_TEMPO_PREPARO) values ('3','Salmão Assado','7','20',to_timestamp('15/10/23 00:15:00,000000000','DD/MM/RR HH24:MI:SSXFF'));
Insert into ADMIN.PRA_PRATO (PRA_ID,PRA_NOME,PRA_CUSTO,PRA_PRECO_VENDA,PRA_TEMPO_PREPARO) values ('4','Lasanha Vegetariana','5','10',to_timestamp('15/10/23 01:00:00,000000000','DD/MM/RR HH24:MI:SSXFF'));
Insert into ADMIN.PRA_PRATO (PRA_ID,PRA_NOME,PRA_CUSTO,PRA_PRECO_VENDA,PRA_TEMPO_PREPARO) values ('5','Salada Caesar','3','9',to_timestamp('15/10/23 00:10:00,000000000','DD/MM/RR HH24:MI:SSXFF'));
Insert into ADMIN.PRA_PRATO (PRA_ID,PRA_NOME,PRA_CUSTO,PRA_PRECO_VENDA,PRA_TEMPO_PREPARO) values ('6','Bife à Milanesa','5','10',to_timestamp('15/10/23 00:30:00,000000000','DD/MM/RR HH24:MI:SSXFF'));
Insert into ADMIN.PRA_PRATO (PRA_ID,PRA_NOME,PRA_CUSTO,PRA_PRECO_VENDA,PRA_TEMPO_PREPARO) values ('7','Pizza Margherita','7','20',to_timestamp('15/10/23 00:20:00,000000000','DD/MM/RR HH24:MI:SSXFF'));
Insert into ADMIN.PRA_PRATO (PRA_ID,PRA_NOME,PRA_CUSTO,PRA_PRECO_VENDA,PRA_TEMPO_PREPARO) values ('8','Tacos de Camarão','6','20',to_timestamp('15/10/23 00:45:00,000000000','DD/MM/RR HH24:MI:SSXFF'));
Insert into ADMIN.PRA_PRATO (PRA_ID,PRA_NOME,PRA_CUSTO,PRA_PRECO_VENDA,PRA_TEMPO_PREPARO) values ('9','Sopa de Cebola','3','9',to_timestamp('15/10/23 00:15:00,000000000','DD/MM/RR HH24:MI:SSXFF'));
Insert into ADMIN.PRA_PRATO (PRA_ID,PRA_NOME,PRA_CUSTO,PRA_PRECO_VENDA,PRA_TEMPO_PREPARO) values ('10','Salada de Frutas','2','7',to_timestamp('15/10/23 00:30:00,000000000','DD/MM/RR HH24:MI:SSXFF'));
Insert into ADMIN.PRA_PRATO (PRA_ID,PRA_NOME,PRA_CUSTO,PRA_PRECO_VENDA,PRA_TEMPO_PREPARO) values ('11','Churrasco Misto','9','20',to_timestamp('15/10/23 00:30:00,000000000','DD/MM/RR HH24:MI:SSXFF'));
Insert into ADMIN.PRA_PRATO (PRA_ID,PRA_NOME,PRA_CUSTO,PRA_PRECO_VENDA,PRA_TEMPO_PREPARO) values ('12','Risoto de Cogumelos','6','20',to_timestamp('15/10/23 01:00:00,000000000','DD/MM/RR HH24:MI:SSXFF'));
Insert into ADMIN.PRA_PRATO (PRA_ID,PRA_NOME,PRA_CUSTO,PRA_PRECO_VENDA,PRA_TEMPO_PREPARO) values ('13','Peixe Grelhado','6','20',to_timestamp('15/10/23 00:45:00,000000000','DD/MM/RR HH24:MI:SSXFF'));
Insert into ADMIN.PRA_PRATO (PRA_ID,PRA_NOME,PRA_CUSTO,PRA_PRECO_VENDA,PRA_TEMPO_PREPARO) values ('14','Sanduíche de Frango','4','10',to_timestamp('15/10/23 00:45:00,000000000','DD/MM/RR HH24:MI:SSXFF'));
Insert into ADMIN.PRA_PRATO (PRA_ID,PRA_NOME,PRA_CUSTO,PRA_PRECO_VENDA,PRA_TEMPO_PREPARO) values ('15','Costelas de Porco','8','20',to_timestamp('15/10/23 00:15:00,000000000','DD/MM/RR HH24:MI:SSXFF'));
Insert into ADMIN.PRA_PRATO (PRA_ID,PRA_NOME,PRA_CUSTO,PRA_PRECO_VENDA,PRA_TEMPO_PREPARO) values ('16','Sushi Variado','8','20',to_timestamp('15/10/23 00:30:00,000000000','DD/MM/RR HH24:MI:SSXFF'));
Insert into ADMIN.PRA_PRATO (PRA_ID,PRA_NOME,PRA_CUSTO,PRA_PRECO_VENDA,PRA_TEMPO_PREPARO) values ('17','Camarões à Provençal','8','20',to_timestamp('15/10/23 00:30:00,000000000','DD/MM/RR HH24:MI:SSXFF'));
Insert into ADMIN.PRA_PRATO (PRA_ID,PRA_NOME,PRA_CUSTO,PRA_PRECO_VENDA,PRA_TEMPO_PREPARO) values ('18','Pasta Primavera','6','20',to_timestamp('15/10/23 00:15:00,000000000','DD/MM/RR HH24:MI:SSXFF'));
Insert into ADMIN.PRA_PRATO (PRA_ID,PRA_NOME,PRA_CUSTO,PRA_PRECO_VENDA,PRA_TEMPO_PREPARO) values ('19','Salada de Quinoa','4','10',to_timestamp('15/10/23 00:30:00,000000000','DD/MM/RR HH24:MI:SSXFF'));
Insert into ADMIN.PRA_PRATO (PRA_ID,PRA_NOME,PRA_CUSTO,PRA_PRECO_VENDA,PRA_TEMPO_PREPARO) values ('20','Picadinho à Brasileira','6','20',to_timestamp('15/10/23 00:45:00,000000000','DD/MM/RR HH24:MI:SSXFF'));
Insert into ADMIN.PRA_PRATO (PRA_ID,PRA_NOME,PRA_CUSTO,PRA_PRECO_VENDA,PRA_TEMPO_PREPARO) values ('21','Vinho Tinto','8','20',to_timestamp('15/10/23 00:00:00,000000000','DD/MM/RR HH24:MI:SSXFF'));
Insert into ADMIN.PRA_PRATO (PRA_ID,PRA_NOME,PRA_CUSTO,PRA_PRECO_VENDA,PRA_TEMPO_PREPARO) values ('22','Cerveja Artesanal','4','10',to_timestamp('15/10/23 00:00:00,000000000','DD/MM/RR HH24:MI:SSXFF'));
Insert into ADMIN.PRA_PRATO (PRA_ID,PRA_NOME,PRA_CUSTO,PRA_PRECO_VENDA,PRA_TEMPO_PREPARO) values ('23','Coquetel de Frutas','3','8',to_timestamp('15/10/23 00:10:00,000000000','DD/MM/RR HH24:MI:SSXFF'));
Insert into ADMIN.PRA_PRATO (PRA_ID,PRA_NOME,PRA_CUSTO,PRA_PRECO_VENDA,PRA_TEMPO_PREPARO) values ('24','Chá Gelado','2','6',to_timestamp('15/10/23 00:10:00,000000000','DD/MM/RR HH24:MI:SSXFF'));
Insert into ADMIN.PRA_PRATO (PRA_ID,PRA_NOME,PRA_CUSTO,PRA_PRECO_VENDA,PRA_TEMPO_PREPARO) values ('25','Café Expresso','1','4',to_timestamp('15/10/23 00:10:00,000000000','DD/MM/RR HH24:MI:SSXFF'));

-- Inserções para res_reserva
Insert into ADMIN.RES_RESERVA (RES_ID,RES_NOME,RES_TELEFONE,RES_MESA,RES_QTD_PESSOAS,RES_DATA_HORA,STA_ID) values ('1','Reserva 1','111-111-1111','1','4',to_timestamp('02/10/23 18:00:00,000000000','DD/MM/RR HH24:MI:SSXFF'),'1');
Insert into ADMIN.RES_RESERVA (RES_ID,RES_NOME,RES_TELEFONE,RES_MESA,RES_QTD_PESSOAS,RES_DATA_HORA,STA_ID) values ('2','Reserva 2','222-222-2222','2','6',to_timestamp('06/10/23 19:30:00,000000000','DD/MM/RR HH24:MI:SSXFF'),'2');
Insert into ADMIN.RES_RESERVA (RES_ID,RES_NOME,RES_TELEFONE,RES_MESA,RES_QTD_PESSOAS,RES_DATA_HORA,STA_ID) values ('3','Ana Oliveira','555-777-8888','6','8',to_timestamp('21/10/23 20:15:00,000000000','DD/MM/RR HH24:MI:SSXFF'),'2');
Insert into ADMIN.RES_RESERVA (RES_ID,RES_NOME,RES_TELEFONE,RES_MESA,RES_QTD_PESSOAS,RES_DATA_HORA,STA_ID) values ('4','Pedro Rocha','555-222-3333','5','4',to_timestamp('22/10/23 17:45:00,000000000','DD/MM/RR HH24:MI:SSXFF'),'2');
Insert into ADMIN.RES_RESERVA (RES_ID,RES_NOME,RES_TELEFONE,RES_MESA,RES_QTD_PESSOAS,RES_DATA_HORA,STA_ID) values ('5','Luisa Pereira','555-333-4444','3','5',to_timestamp('23/10/23 19:30:00,000000000','DD/MM/RR HH24:MI:SSXFF'),'1');
Insert into ADMIN.RES_RESERVA (RES_ID,RES_NOME,RES_TELEFONE,RES_MESA,RES_QTD_PESSOAS,RES_DATA_HORA,STA_ID) values ('6','Ricardo Mendes','555-555-6666','8','10',to_timestamp('24/10/23 18:00:00,000000000','DD/MM/RR HH24:MI:SSXFF'),'1');
Insert into ADMIN.RES_RESERVA (RES_ID,RES_NOME,RES_TELEFONE,RES_MESA,RES_QTD_PESSOAS,RES_DATA_HORA,STA_ID) values ('7','Isabel Santos','555-444-5555','7','6',to_timestamp('25/10/23 20:45:00,000000000','DD/MM/RR HH24:MI:SSXFF'),'2');
Insert into ADMIN.RES_RESERVA (RES_ID,RES_NOME,RES_TELEFONE,RES_MESA,RES_QTD_PESSOAS,RES_DATA_HORA,STA_ID) values ('8','Carlos Vieira','555-777-1111','1','2',to_timestamp('26/10/23 17:15:00,000000000','DD/MM/RR HH24:MI:SSXFF'),'2');
Insert into ADMIN.RES_RESERVA (RES_ID,RES_NOME,RES_TELEFONE,RES_MESA,RES_QTD_PESSOAS,RES_DATA_HORA,STA_ID) values ('9','Mariana Ferreira','555-999-2222','6','4',to_timestamp('27/10/23 19:30:00,000000000','DD/MM/RR HH24:MI:SSXFF'),'1');
Insert into ADMIN.RES_RESERVA (RES_ID,RES_NOME,RES_TELEFONE,RES_MESA,RES_QTD_PESSOAS,RES_DATA_HORA,STA_ID) values ('10','Rafael Almeida','555-888-9999','3','7',to_timestamp('28/10/23 20:00:00,000000000','DD/MM/RR HH24:MI:SSXFF'),'1');
Insert into ADMIN.RES_RESERVA (RES_ID,RES_NOME,RES_TELEFONE,RES_MESA,RES_QTD_PESSOAS,RES_DATA_HORA,STA_ID) values ('11','Patricia Lima','555-777-4444','5','4',to_timestamp('29/10/23 18:30:00,000000000','DD/MM/RR HH24:MI:SSXFF'),'2');
Insert into ADMIN.RES_RESERVA (RES_ID,RES_NOME,RES_TELEFONE,RES_MESA,RES_QTD_PESSOAS,RES_DATA_HORA,STA_ID) values ('12','Hugo Carvalho','555-222-7777','4','6',to_timestamp('30/10/23 19:15:00,000000000','DD/MM/RR HH24:MI:SSXFF'),'1');
Insert into ADMIN.RES_RESERVA (RES_ID,RES_NOME,RES_TELEFONE,RES_MESA,RES_QTD_PESSOAS,RES_DATA_HORA,STA_ID) values ('13','Larissa Pereira','555-666-3333','2','2',to_timestamp('31/10/23 20:00:00,000000000','DD/MM/RR HH24:MI:SSXFF'),'2');
Insert into ADMIN.RES_RESERVA (RES_ID,RES_NOME,RES_TELEFONE,RES_MESA,RES_QTD_PESSOAS,RES_DATA_HORA,STA_ID) values ('14','Gustavo Souza','555-999-8888','3','5',to_timestamp('01/11/23 18:45:00,000000000','DD/MM/RR HH24:MI:SSXFF'),'1');
Insert into ADMIN.RES_RESERVA (RES_ID,RES_NOME,RES_TELEFONE,RES_MESA,RES_QTD_PESSOAS,RES_DATA_HORA,STA_ID) values ('15','Daniela Fernandes','555-555-9999','6','7',to_timestamp('02/11/23 19:30:00,000000000','DD/MM/RR HH24:MI:SSXFF'),'1');
Insert into ADMIN.RES_RESERVA (RES_ID,RES_NOME,RES_TELEFONE,RES_MESA,RES_QTD_PESSOAS,RES_DATA_HORA,STA_ID) values ('16','Marcos Santos','555-444-2222','4','3',to_timestamp('03/11/23 17:00:00,000000000','DD/MM/RR HH24:MI:SSXFF'),'2');
Insert into ADMIN.RES_RESERVA (RES_ID,RES_NOME,RES_TELEFONE,RES_MESA,RES_QTD_PESSOAS,RES_DATA_HORA,STA_ID) values ('17','Bianca Oliveira','555-888-5555','7','6',to_timestamp('04/11/23 20:15:00,000000000','DD/MM/RR HH24:MI:SSXFF'),'1');
Insert into ADMIN.RES_RESERVA (RES_ID,RES_NOME,RES_TELEFONE,RES_MESA,RES_QTD_PESSOAS,RES_DATA_HORA,STA_ID) values ('18','Eduardo Fernandes','555-222-1111','5','4',to_timestamp('05/11/23 19:45:00,000000000','DD/MM/RR HH24:MI:SSXFF'),'2');
Insert into ADMIN.RES_RESERVA (RES_ID,RES_NOME,RES_TELEFONE,RES_MESA,RES_QTD_PESSOAS,RES_DATA_HORA,STA_ID) values ('19','Renata Costa','555-777-7777','3','3',to_timestamp('06/11/23 17:30:00,000000000','DD/MM/RR HH24:MI:SSXFF'),'1');
Insert into ADMIN.RES_RESERVA (RES_ID,RES_NOME,RES_TELEFONE,RES_MESA,RES_QTD_PESSOAS,RES_DATA_HORA,STA_ID) values ('20','Marcelo Silva','555-999-6666','8','8',to_timestamp('07/11/23 18:15:00,000000000','DD/MM/RR HH24:MI:SSXFF'),'1');
Insert into ADMIN.RES_RESERVA (RES_ID,RES_NOME,RES_TELEFONE,RES_MESA,RES_QTD_PESSOAS,RES_DATA_HORA,STA_ID) values ('21','Rosa Santos','555-444-6666','4','5',to_timestamp('08/11/23 19:30:00,000000000','DD/MM/RR HH24:MI:SSXFF'),'2');
Insert into ADMIN.RES_RESERVA (RES_ID,RES_NOME,RES_TELEFONE,RES_MESA,RES_QTD_PESSOAS,RES_DATA_HORA,STA_ID) values ('22','Vitoria Ferreira','555-777-8888','7','7',to_timestamp('09/11/23 18:00:00,000000000','DD/MM/RR HH24:MI:SSXFF'),'1');
Insert into ADMIN.RES_RESERVA (RES_ID,RES_NOME,RES_TELEFONE,RES_MESA,RES_QTD_PESSOAS,RES_DATA_HORA,STA_ID) values ('23','Ricardo Mendes','555-333-4444','5','6',to_timestamp('10/11/23 20:15:00,000000000','DD/MM/RR HH24:MI:SSXFF'),'1');
Insert into ADMIN.RES_RESERVA (RES_ID,RES_NOME,RES_TELEFONE,RES_MESA,RES_QTD_PESSOAS,RES_DATA_HORA,STA_ID) values ('24','Gabriela Silva','555-888-2222','3','4',to_timestamp('11/11/23 19:00:00,000000000','DD/MM/RR HH24:MI:SSXFF'),'2');
Insert into ADMIN.RES_RESERVA (RES_ID,RES_NOME,RES_TELEFONE,RES_MESA,RES_QTD_PESSOAS,RES_DATA_HORA,STA_ID) values ('25','Carlos Pereira','555-222-5555','6','8',to_timestamp('12/11/23 17:30:00,000000000','DD/MM/RR HH24:MI:SSXFF'),'2');
Insert into ADMIN.RES_RESERVA (RES_ID,RES_NOME,RES_TELEFONE,RES_MESA,RES_QTD_PESSOAS,RES_DATA_HORA,STA_ID) values ('26','Juliana Fernandes','555-555-1111','2','2',to_timestamp('13/11/23 18:45:00,000000000','DD/MM/RR HH24:MI:SSXFF'),'1');
Insert into ADMIN.RES_RESERVA (RES_ID,RES_NOME,RES_TELEFONE,RES_MESA,RES_QTD_PESSOAS,RES_DATA_HORA,STA_ID) values ('27','Pedro Rocha','555-999-3333','7','5',to_timestamp('14/11/23 20:00:00,000000000','DD/MM/RR HH24:MI:SSXFF'),'1');
Insert into ADMIN.RES_RESERVA (RES_ID,RES_NOME,RES_TELEFONE,RES_MESA,RES_QTD_PESSOAS,RES_DATA_HORA,STA_ID) values ('28','Beatriz Santos','555-333-6666','1','2',to_timestamp('15/11/23 19:15:00,000000000','DD/MM/RR HH24:MI:SSXFF'),'2');
Insert into ADMIN.RES_RESERVA (RES_ID,RES_NOME,RES_TELEFONE,RES_MESA,RES_QTD_PESSOAS,RES_DATA_HORA,STA_ID) values ('29','Lucas Oliveira','555-777-7777','5','6',to_timestamp('16/11/23 17:45:00,000000000','DD/MM/RR HH24:MI:SSXFF'),'1');
Insert into ADMIN.RES_RESERVA (RES_ID,RES_NOME,RES_TELEFONE,RES_MESA,RES_QTD_PESSOAS,RES_DATA_HORA,STA_ID) values ('30','Amanda Ferreira','555-999-2222','3','3',to_timestamp('17/11/23 18:30:00,000000000','DD/MM/RR HH24:MI:SSXFF'),'2');
Insert into ADMIN.RES_RESERVA (RES_ID,RES_NOME,RES_TELEFONE,RES_MESA,RES_QTD_PESSOAS,RES_DATA_HORA,STA_ID) values ('31','Fernando Carvalho','555-333-5555','6','8',to_timestamp('18/11/23 19:30:00,000000000','DD/MM/RR HH24:MI:SSXFF'),'1');
Insert into ADMIN.RES_RESERVA (RES_ID,RES_NOME,RES_TELEFONE,RES_MESA,RES_QTD_PESSOAS,RES_DATA_HORA,STA_ID) values ('32','Camila Lima','555-777-8888','4','6',to_timestamp('19/11/23 20:15:00,000000000','DD/MM/RR HH24:MI:SSXFF'),'1');
Insert into ADMIN.RES_RESERVA (RES_ID,RES_NOME,RES_TELEFONE,RES_MESA,RES_QTD_PESSOAS,RES_DATA_HORA,STA_ID) values ('33','Eduardo Fernandes','555-222-3333','8','10',to_timestamp('20/11/23 18:00:00,000000000','DD/MM/RR HH24:MI:SSXFF'),'1');
Insert into ADMIN.RES_RESERVA (RES_ID,RES_NOME,RES_TELEFONE,RES_MESA,RES_QTD_PESSOAS,RES_DATA_HORA,STA_ID) values ('34','Julia Pereira','555-555-6666','5','4',to_timestamp('21/11/23 19:00:00,000000000','DD/MM/RR HH24:MI:SSXFF'),'2');
Insert into ADMIN.RES_RESERVA (RES_ID,RES_NOME,RES_TELEFONE,RES_MESA,RES_QTD_PESSOAS,RES_DATA_HORA,STA_ID) values ('35','Roberto Silva','555-888-2222','7','6',to_timestamp('22/11/23 20:00:00,000000000','DD/MM/RR HH24:MI:SSXFF'),'1');
Insert into ADMIN.RES_RESERVA (RES_ID,RES_NOME,RES_TELEFONE,RES_MESA,RES_QTD_PESSOAS,RES_DATA_HORA,STA_ID) values ('36','Luana Almeida','555-333-4444','3','5',to_timestamp('23/11/23 17:45:00,000000000','DD/MM/RR HH24:MI:SSXFF'),'1');
Insert into ADMIN.RES_RESERVA (RES_ID,RES_NOME,RES_TELEFONE,RES_MESA,RES_QTD_PESSOAS,RES_DATA_HORA,STA_ID) values ('37','Ricardo Santos','555-777-1111','2','2',to_timestamp('24/11/23 18:30:00,000000000','DD/MM/RR HH24:MI:SSXFF'),'2');
Insert into ADMIN.RES_RESERVA (RES_ID,RES_NOME,RES_TELEFONE,RES_MESA,RES_QTD_PESSOAS,RES_DATA_HORA,STA_ID) values ('38','Maria Oliveira','555-444-5555','1','4',to_timestamp('25/11/23 19:15:00,000000000','DD/MM/RR HH24:MI:SSXFF'),'2');
Insert into ADMIN.RES_RESERVA (RES_ID,RES_NOME,RES_TELEFONE,RES_MESA,RES_QTD_PESSOAS,RES_DATA_HORA,STA_ID) values ('39','Pedro Rocha','555-222-7777','5','7',to_timestamp('26/11/23 20:30:00,000000000','DD/MM/RR HH24:MI:SSXFF'),'1');
Insert into ADMIN.RES_RESERVA (RES_ID,RES_NOME,RES_TELEFONE,RES_MESA,RES_QTD_PESSOAS,RES_DATA_HORA,STA_ID) values ('40','Ana Oliveira','555-999-8888','7','5',to_timestamp('27/11/23 17:30:00,000000000','DD/MM/RR HH24:MI:SSXFF'),'2');
Insert into ADMIN.RES_RESERVA (RES_ID,RES_NOME,RES_TELEFONE,RES_MESA,RES_QTD_PESSOAS,RES_DATA_HORA,STA_ID) values ('41','Rafaela Fernandes','555-666-5555','3','3',to_timestamp('28/11/23 18:45:00,000000000','DD/MM/RR HH24:MI:SSXFF'),'1');
Insert into ADMIN.RES_RESERVA (RES_ID,RES_NOME,RES_TELEFONE,RES_MESA,RES_QTD_PESSOAS,RES_DATA_HORA,STA_ID) values ('42','Antonio Almeida','555-555-3333','5','5',to_timestamp('29/11/23 19:15:00,000000000','DD/MM/RR HH24:MI:SSXFF'),'2');
Insert into ADMIN.RES_RESERVA (RES_ID,RES_NOME,RES_TELEFONE,RES_MESA,RES_QTD_PESSOAS,RES_DATA_HORA,STA_ID) values ('43','Carolina Silva','555-777-2222','2','2',to_timestamp('30/11/23 20:00:00,000000000','DD/MM/RR HH24:MI:SSXFF'),'2');
Insert into ADMIN.RES_RESERVA (RES_ID,RES_NOME,RES_TELEFONE,RES_MESA,RES_QTD_PESSOAS,RES_DATA_HORA,STA_ID) values ('44','Eduardo Santos','555-222-6666','4','6',to_timestamp('01/12/23 19:00:00,000000000','DD/MM/RR HH24:MI:SSXFF'),'1');
Insert into ADMIN.RES_RESERVA (RES_ID,RES_NOME,RES_TELEFONE,RES_MESA,RES_QTD_PESSOAS,RES_DATA_HORA,STA_ID) values ('45','Isabella Costa','555-999-4444','1','4',to_timestamp('02/12/23 17:30:00,000000000','DD/MM/RR HH24:MI:SSXFF'),'1');
Insert into ADMIN.RES_RESERVA (RES_ID,RES_NOME,RES_TELEFONE,RES_MESA,RES_QTD_PESSOAS,RES_DATA_HORA,STA_ID) values ('46','Lucas Pereira','555-777-5555','6','8',to_timestamp('03/12/23 18:15:00,000000000','DD/MM/RR HH24:MI:SSXFF'),'1');
Insert into ADMIN.RES_RESERVA (RES_ID,RES_NOME,RES_TELEFONE,RES_MESA,RES_QTD_PESSOAS,RES_DATA_HORA,STA_ID) values ('47','Mariana Almeida','555-333-1111','3','5',to_timestamp('04/12/23 19:45:00,000000000','DD/MM/RR HH24:MI:SSXFF'),'2');
Insert into ADMIN.RES_RESERVA (RES_ID,RES_NOME,RES_TELEFONE,RES_MESA,RES_QTD_PESSOAS,RES_DATA_HORA,STA_ID) values ('48','José Silva','555-666-8888','7','6',to_timestamp('05/12/23 20:15:00,000000000','DD/MM/RR HH24:MI:SSXFF'),'2');
Insert into ADMIN.RES_RESERVA (RES_ID,RES_NOME,RES_TELEFONE,RES_MESA,RES_QTD_PESSOAS,RES_DATA_HORA,STA_ID) values ('49','Beatriz Oliveira','555-999-5555','4','3',to_timestamp('06/12/23 18:00:00,000000000','DD/MM/RR HH24:MI:SSXFF'),'1');
Insert into ADMIN.RES_RESERVA (RES_ID,RES_NOME,RES_TELEFONE,RES_MESA,RES_QTD_PESSOAS,RES_DATA_HORA,STA_ID) values ('50','Rodrigo Fernandes','555-777-7777','2','2',to_timestamp('07/12/23 17:30:00,000000000','DD/MM/RR HH24:MI:SSXFF'),'2');

-- Inserções para sta_status
Insert into ADMIN.STA_STATUS (STA_ID,STA_NOME) values ('3','reservada');
Insert into ADMIN.STA_STATUS (STA_ID,STA_NOME) values ('1','livre');
Insert into ADMIN.STA_STATUS (STA_ID,STA_NOME) values ('2','ocupada');

-- Inserções para tip_tipoescala
INSERT INTO tip_tipoescala (tip_escala) VALUES ('TRABALHADO NORMAL');
INSERT INTO tip_tipoescala (tip_escala) VALUES ('TRABALHADO EXTRA');
INSERT INTO tip_tipoescala (tip_escala) VALUES ('FOLGA');
INSERT INTO tip_tipoescala (tip_escala) VALUES ('FALTA NAO JUSTIFICADA');
INSERT INTO tip_tipoescala (tip_escala) VALUES ('FALTA JUSTIFICADA');
INSERT INTO tip_tipoescala (tip_escala) VALUES ('LICENCA');
INSERT INTO tip_tipoescala (tip_escala) VALUES ('FERIAS');

-- Inserções para uni_unidade
Insert into ADMIN.UNI_UNIDADE (UNI_ID,UNI_NOME,UNI_SIGLA) values ('1','Kilos','Kg');
Insert into ADMIN.UNI_UNIDADE (UNI_ID,UNI_NOME,UNI_SIGLA) values ('2','Litro','Lt');
Insert into ADMIN.UNI_UNIDADE (UNI_ID,UNI_NOME,UNI_SIGLA) values ('3','Unidade','Un');
